scenario,protocol,n_agents,run,denm_pdr,denm_ddl,bsm_pdr,emerg_p99,latency_p99,mean_cbr
urban,QDAP,25,0,0.86500,0.86500,0.64968,2.895,9.477,0.1120
urban,QDAP,25,1,0.81515,0.81515,0.66576,2.648,9.708,0.1227
urban,QDAP,25,2,0.85606,0.85606,0.60706,2.528,9.154,0.1227
urban,QDAP,25,3,0.75714,0.75714,0.68403,3.038,9.872,0.1173
urban,QDAP,25,4,0.84921,0.84921,0.58392,2.708,9.694,0.1173
urban,QDAP,25,5,0.82754,0.82754,0.64255,2.751,9.900,0.1280
urban,QDAP,25,6,0.69028,0.69028,0.59882,2.859,9.407,0.1333
urban,QDAP,25,7,0.64603,0.64603,0.57372,2.806,9.500,0.1173
urban,QDAP,25,8,0.80303,0.80303,0.62808,2.952,9.818,0.1227
urban,QDAP,25,9,0.50667,0.50667,0.60557,3.093,9.033,0.1120
urban,QDAP,25,10,0.68730,0.68730,0.60395,2.740,9.697,0.1173
urban,QDAP,25,11,0.83623,0.83623,0.58735,2.674,9.357,0.1280
urban,QDAP,25,12,0.86333,0.86333,0.64536,2.756,9.514,0.1120
urban,QDAP,25,13,0.71429,0.71429,0.52948,2.686,9.775,0.1173
urban,QDAP,25,14,0.66364,0.66364,0.61848,2.795,9.471,0.1227
urban,QDAP,25,15,0.62500,0.62500,0.67987,3.341,8.890,0.1120
urban,QDAP,25,16,0.84127,0.84127,0.64091,2.660,9.523,0.1173
urban,QDAP,25,17,0.79697,0.79697,0.65881,2.615,9.874,0.1227
urban,QDAP,25,18,0.82899,0.82899,0.64063,2.419,9.785,0.1280
urban,QDAP,25,19,0.58116,0.58116,0.59810,2.537,9.975,0.1280
urban,DSRC 802.11p,25,0,0.69500,0.69500,0.62540,2.339,2.451,0.1120
urban,DSRC 802.11p,25,1,0.65909,0.65909,0.63928,2.623,2.498,0.1227
urban,DSRC 802.11p,25,2,0.69394,0.69394,0.57611,2.298,2.484,0.1227
urban,DSRC 802.11p,25,3,0.59683,0.59683,0.65966,2.352,2.499,0.1173
urban,DSRC 802.11p,25,4,0.71587,0.71587,0.55345,2.454,2.457,0.1173
urban,DSRC 802.11p,25,5,0.64493,0.64493,0.61459,2.543,2.482,0.1280
urban,DSRC 802.11p,25,6,0.51389,0.51389,0.56932,2.240,2.483,0.1333
urban,DSRC 802.11p,25,7,0.48413,0.48413,0.54484,2.223,2.458,0.1173
urban,DSRC 802.11p,25,8,0.65152,0.65152,0.60033,2.777,2.517,0.1227
urban,DSRC 802.11p,25,9,0.35333,0.35333,0.58092,2.321,2.484,0.1120
urban,DSRC 802.11p,25,10,0.49683,0.49683,0.57267,2.646,2.475,0.1173
urban,DSRC 802.11p,25,11,0.61594,0.61594,0.56250,2.552,2.489,0.1280
urban,DSRC 802.11p,25,12,0.67833,0.67833,0.61977,2.515,2.467,0.1120
urban,DSRC 802.11p,25,13,0.55238,0.55238,0.50209,2.382,2.510,0.1173
urban,DSRC 802.11p,25,14,0.52273,0.52273,0.58951,2.420,2.493,0.1227
urban,DSRC 802.11p,25,15,0.44167,0.44167,0.65323,2.391,2.491,0.1120
urban,DSRC 802.11p,25,16,0.63492,0.63492,0.61483,2.598,2.473,0.1173
urban,DSRC 802.11p,25,17,0.64091,0.64091,0.63087,2.732,2.510,0.1227
urban,DSRC 802.11p,25,18,0.64203,0.64203,0.61366,2.687,2.482,0.1280
urban,DSRC 802.11p,25,19,0.43913,0.43913,0.57236,2.852,2.482,0.1280
urban,802.11bd,25,0,0.89000,0.89000,0.73493,1.376,1.471,0.1120
urban,802.11bd,25,1,0.85455,0.85455,0.73842,1.408,1.493,0.1227
urban,802.11bd,25,2,0.86212,0.86212,0.68977,1.500,1.510,0.1227
urban,802.11bd,25,3,0.76032,0.76032,0.76892,1.672,1.493,0.1173
urban,802.11bd,25,4,0.89841,0.89841,0.66949,1.310,1.492,0.1173
urban,802.11bd,25,5,0.83188,0.83188,0.72829,1.459,1.501,0.1280
urban,802.11bd,25,6,0.72778,0.72778,0.68407,1.468,1.499,0.1333
urban,802.11bd,25,7,0.68889,0.68889,0.66104,1.330,1.510,0.1173
urban,802.11bd,25,8,0.81061,0.81061,0.70924,1.400,1.508,0.1227
urban,802.11bd,25,9,0.55667,0.55667,0.68992,1.713,1.488,0.1120
urban,802.11bd,25,10,0.69365,0.69365,0.68879,1.437,1.481,0.1173
urban,802.11bd,25,11,0.83768,0.83768,0.66896,1.651,1.489,0.1280
urban,802.11bd,25,12,0.91667,0.91667,0.73080,1.463,1.493,0.1120
urban,802.11bd,25,13,0.75238,0.75238,0.61584,1.540,1.489,0.1173
urban,802.11bd,25,14,0.72727,0.72727,0.70420,1.479,1.486,0.1227
urban,802.11bd,25,15,0.71167,0.71167,0.75670,1.528,1.504,0.1120
urban,802.11bd,25,16,0.84921,0.84921,0.72409,1.353,1.498,0.1173
urban,802.11bd,25,17,0.82727,0.82727,0.73623,1.263,1.497,0.1227
urban,802.11bd,25,18,0.82609,0.82609,0.72269,1.492,1.486,0.1280
urban,802.11bd,25,19,0.62029,0.62029,0.68149,1.401,1.500,0.1280
urban,C-V2X Mode 4,25,0,0.82000,0.39500,0.67649,99.998,100.783,0.1120
urban,C-V2X Mode 4,25,1,0.80758,0.41667,0.68069,100.129,100.736,0.1227
urban,C-V2X Mode 4,25,2,0.82727,0.41212,0.63230,100.597,100.768,0.1227
urban,C-V2X Mode 4,25,3,0.72381,0.33492,0.70821,99.412,100.729,0.1173
urban,C-V2X Mode 4,25,4,0.81270,0.36667,0.61039,101.304,100.821,0.1173
urban,C-V2X Mode 4,25,5,0.77681,0.37971,0.66585,99.841,100.794,0.1280
urban,C-V2X Mode 4,25,6,0.64583,0.35278,0.62305,100.207,100.704,0.1333
urban,C-V2X Mode 4,25,7,0.60794,0.29048,0.60213,99.991,100.804,0.1173
urban,C-V2X Mode 4,25,8,0.77273,0.38030,0.65064,100.452,100.776,0.1227
urban,C-V2X Mode 4,25,9,0.51833,0.23833,0.63351,99.481,100.785,0.1120
urban,C-V2X Mode 4,25,10,0.62857,0.33651,0.62955,98.947,100.816,0.1173
urban,C-V2X Mode 4,25,11,0.78116,0.38261,0.61086,100.243,100.709,0.1280
urban,C-V2X Mode 4,25,12,0.82667,0.40000,0.67242,100.331,100.775,0.1120
urban,C-V2X Mode 4,25,13,0.70317,0.33333,0.55648,100.669,100.818,0.1173
urban,C-V2X Mode 4,25,14,0.64091,0.32273,0.64634,101.001,100.811,0.1227
urban,C-V2X Mode 4,25,15,0.59167,0.25500,0.69871,99.995,100.769,0.1120
urban,C-V2X Mode 4,25,16,0.80317,0.38889,0.66498,100.177,100.800,0.1173
urban,C-V2X Mode 4,25,17,0.77121,0.38485,0.67814,100.148,100.800,0.1227
urban,C-V2X Mode 4,25,18,0.78841,0.37246,0.66291,100.760,100.898,0.1280
urban,C-V2X Mode 4,25,19,0.56812,0.28551,0.62446,100.726,100.834,0.1280
urban,UDP,25,0,0.81000,0.81000,0.61010,9.831,9.188,0.1120
urban,UDP,25,1,0.76667,0.76667,0.62680,8.716,9.119,0.1227
urban,UDP,25,2,0.78030,0.78030,0.56510,9.087,9.321,0.1227
urban,UDP,25,3,0.68254,0.68254,0.64568,9.409,9.241,0.1173
urban,UDP,25,4,0.76349,0.76349,0.54273,8.541,9.106,0.1173
urban,UDP,25,5,0.75072,0.75072,0.60246,8.666,9.178,0.1280
urban,UDP,25,6,0.59444,0.59444,0.55530,9.602,9.299,0.1333
urban,UDP,25,7,0.54286,0.54286,0.53015,7.632,9.193,0.1173
urban,UDP,25,8,0.72879,0.72879,0.58579,8.787,9.314,0.1227
urban,UDP,25,9,0.44833,0.44833,0.56780,9.411,9.175,0.1120
urban,UDP,25,10,0.57302,0.57302,0.55874,9.067,9.139,0.1173
urban,UDP,25,11,0.73913,0.73913,0.54774,8.855,9.126,0.1280
urban,UDP,25,12,0.79833,0.79833,0.60208,9.145,9.257,0.1120
urban,UDP,25,13,0.63968,0.63968,0.48631,9.815,9.341,0.1173
urban,UDP,25,14,0.56364,0.56364,0.57620,11.683,9.218,0.1227
urban,UDP,25,15,0.48167,0.48167,0.64132,9.351,9.253,0.1120
urban,UDP,25,16,0.76825,0.76825,0.60252,9.102,9.328,0.1173
urban,UDP,25,17,0.72273,0.72273,0.61817,9.012,9.195,0.1227
urban,UDP,25,18,0.75797,0.75797,0.60049,8.572,9.325,0.1280
urban,UDP,25,19,0.52174,0.52174,0.55879,8.108,9.239,0.1280
urban,MQTT,25,0,0.73833,0.71500,0.55145,208.561,409.931,0.1120
urban,MQTT,25,1,0.70909,0.69091,0.57261,208.091,409.168,0.1227
urban,MQTT,25,2,0.72424,0.69848,0.50497,209.363,409.794,0.1227
urban,MQTT,25,3,0.62381,0.59524,0.58887,209.074,408.880,0.1173
urban,MQTT,25,4,0.69365,0.67143,0.48146,209.125,410.867,0.1173
urban,MQTT,25,5,0.68261,0.65942,0.54283,209.010,410.086,0.1280
urban,MQTT,25,6,0.51111,0.48472,0.49619,209.333,413.001,0.1333
urban,MQTT,25,7,0.49206,0.46825,0.47103,210.746,411.049,0.1173
urban,MQTT,25,8,0.66212,0.64697,0.52871,207.927,410.071,0.1227
urban,MQTT,25,9,0.38000,0.35833,0.51270,210.493,409.308,0.1120
urban,MQTT,25,10,0.50794,0.48571,0.50139,210.933,410.516,0.1173
urban,MQTT,25,11,0.65942,0.63333,0.49170,209.252,410.269,0.1280
urban,MQTT,25,12,0.73000,0.71667,0.54580,207.629,409.729,0.1120
urban,MQTT,25,13,0.57778,0.54921,0.42835,208.917,411.080,0.1173
urban,MQTT,25,14,0.48485,0.47121,0.51619,209.242,410.046,0.1227
urban,MQTT,25,15,0.42333,0.39000,0.58485,215.797,408.820,0.1120
urban,MQTT,25,16,0.71587,0.69048,0.54264,209.114,409.879,0.1173
urban,MQTT,25,17,0.61667,0.59545,0.56140,208.630,410.172,0.1227
urban,MQTT,25,18,0.67536,0.65362,0.53992,209.543,410.022,0.1280
urban,MQTT,25,19,0.42899,0.40870,0.50326,211.320,410.901,0.1280
urban,QDAP,50,0,0.77778,0.77778,0.58565,3.227,10.011,0.2293
urban,QDAP,50,1,0.69015,0.69015,0.66115,2.650,10.328,0.2400
urban,QDAP,50,2,0.66970,0.66970,0.64853,3.207,10.111,0.2400
urban,QDAP,50,3,0.44472,0.44472,0.55924,2.526,10.097,0.2240
urban,QDAP,50,4,0.83262,0.83262,0.63211,2.853,10.123,0.2560
urban,QDAP,50,5,0.63659,0.63659,0.62321,2.757,9.985,0.2240
urban,QDAP,50,6,0.75185,0.75185,0.63487,2.853,10.048,0.2453
urban,QDAP,50,7,0.79275,0.79275,0.60956,2.986,10.427,0.2507
urban,QDAP,50,8,0.88623,0.88623,0.69295,2.830,10.251,0.2507
urban,QDAP,50,9,0.84419,0.84419,0.58538,2.930,9.627,0.2347
urban,QDAP,50,10,0.63256,0.63256,0.61098,2.818,10.123,0.2347
urban,QDAP,50,11,0.88182,0.88182,0.65007,2.936,10.171,0.2400
urban,QDAP,50,12,0.63259,0.63259,0.65465,2.923,10.220,0.2453
urban,QDAP,50,13,0.75455,0.75455,0.66478,2.808,10.158,0.2400
urban,QDAP,50,14,0.87943,0.87943,0.65491,2.947,10.394,0.2560
urban,QDAP,50,15,0.84961,0.84961,0.63122,2.847,10.025,0.2347
urban,QDAP,50,16,0.62826,0.62826,0.61585,2.673,10.078,0.2507
urban,QDAP,50,17,0.78527,0.78527,0.57588,2.779,9.492,0.2347
urban,QDAP,50,18,0.81136,0.81136,0.60992,2.878,10.017,0.2400
urban,QDAP,50,19,0.71087,0.71087,0.57792,2.966,9.938,0.2507
urban,DSRC 802.11p,50,0,0.58810,0.58810,0.54854,2.721,2.500,0.2293
urban,DSRC 802.11p,50,1,0.50227,0.50227,0.61743,2.337,2.499,0.2400
urban,DSRC 802.11p,50,2,0.49091,0.49091,0.60821,2.527,2.516,0.2400
urban,DSRC 802.11p,50,3,0.31382,0.31382,0.52096,2.639,2.507,0.2240
urban,DSRC 802.11p,50,4,0.62482,0.62482,0.58734,2.767,2.531,0.2560
urban,DSRC 802.11p,50,5,0.46992,0.46992,0.58177,2.046,2.490,0.2240
urban,DSRC 802.11p,50,6,0.56519,0.56519,0.59064,2.358,2.515,0.2453
urban,DSRC 802.11p,50,7,0.57391,0.57391,0.56551,2.384,2.492,0.2507
urban,DSRC 802.11p,50,8,0.70362,0.70362,0.64994,2.362,2.513,0.2507
urban,DSRC 802.11p,50,9,0.65271,0.65271,0.54665,2.356,2.520,0.2347
urban,DSRC 802.11p,50,10,0.45271,0.45271,0.57121,2.263,2.507,0.2347
urban,DSRC 802.11p,50,11,0.67955,0.67955,0.60753,2.462,2.518,0.2400
urban,DSRC 802.11p,50,12,0.48148,0.48148,0.61221,2.245,2.511,0.2453
urban,DSRC 802.11p,50,13,0.55682,0.55682,0.62208,2.635,2.504,0.2400
urban,DSRC 802.11p,50,14,0.68794,0.68794,0.61201,2.620,2.496,0.2560
urban,DSRC 802.11p,50,15,0.65814,0.65814,0.59199,2.673,2.498,0.2347
urban,DSRC 802.11p,50,16,0.44203,0.44203,0.57172,2.483,2.509,0.2507
urban,DSRC 802.11p,50,17,0.57597,0.57597,0.53887,2.466,2.518,0.2347
urban,DSRC 802.11p,50,18,0.64697,0.64697,0.56921,2.864,2.507,0.2400
urban,DSRC 802.11p,50,19,0.54783,0.54783,0.53386,2.613,2.491,0.2507
urban,802.11bd,50,0,0.80556,0.80556,0.66236,1.419,1.508,0.2293
urban,802.11bd,50,1,0.71818,0.71818,0.72570,1.719,1.515,0.2400
urban,802.11bd,50,2,0.69394,0.69394,0.71582,1.449,1.512,0.2400
urban,802.11bd,50,3,0.48374,0.48374,0.63533,1.669,1.505,0.2240
urban,802.11bd,50,4,0.83617,0.83617,0.69872,1.572,1.510,0.2560
urban,802.11bd,50,5,0.66911,0.66911,0.69641,1.295,1.516,0.2240
urban,802.11bd,50,6,0.75926,0.75926,0.70095,1.488,1.516,0.2453
urban,802.11bd,50,7,0.81304,0.81304,0.67830,1.408,1.526,0.2507
urban,802.11bd,50,8,0.88333,0.88333,0.75472,1.539,1.515,0.2507
urban,802.11bd,50,9,0.83953,0.83953,0.65325,1.438,1.514,0.2347
urban,802.11bd,50,10,0.67364,0.67364,0.68562,1.591,1.505,0.2347
urban,802.11bd,50,11,0.87652,0.87652,0.71584,1.660,1.508,0.2400
urban,802.11bd,50,12,0.67852,0.67852,0.72180,1.484,1.512,0.2453
urban,802.11bd,50,13,0.76288,0.76288,0.72761,1.485,1.519,0.2400
urban,802.11bd,50,14,0.88511,0.88511,0.72117,1.496,1.519,0.2560
urban,802.11bd,50,15,0.85194,0.85194,0.70096,1.416,1.502,0.2347
urban,802.11bd,50,16,0.64928,0.64928,0.68495,1.576,1.512,0.2507
urban,802.11bd,50,17,0.80620,0.80620,0.64868,1.477,1.514,0.2347
urban,802.11bd,50,18,0.84318,0.84318,0.68104,1.370,1.515,0.2400
urban,802.11bd,50,19,0.74638,0.74638,0.65003,1.547,1.509,0.2507
urban,C-V2X Mode 4,50,0,0.72540,0.36667,0.59713,99.934,100.762,0.2293
urban,C-V2X Mode 4,50,1,0.63258,0.32727,0.65804,99.666,100.803,0.2400
urban,C-V2X Mode 4,50,2,0.62879,0.32121,0.64850,99.608,100.760,0.2400
urban,C-V2X Mode 4,50,3,0.41138,0.19756,0.56951,100.648,100.789,0.2240
urban,C-V2X Mode 4,50,4,0.76950,0.38298,0.63069,100.426,100.760,0.2560
urban,C-V2X Mode 4,50,5,0.63252,0.30976,0.63008,100.788,100.814,0.2240
urban,C-V2X Mode 4,50,6,0.70815,0.33630,0.63586,100.094,100.789,0.2453
urban,C-V2X Mode 4,50,7,0.73116,0.36594,0.61138,101.151,100.809,0.2507
urban,C-V2X Mode 4,50,8,0.83478,0.38768,0.68820,100.655,100.787,0.2507
urban,C-V2X Mode 4,50,9,0.78605,0.37364,0.59064,100.413,100.776,0.2347
urban,C-V2X Mode 4,50,10,0.59457,0.27829,0.61789,100.739,100.824,0.2347
urban,C-V2X Mode 4,50,11,0.81742,0.42045,0.64937,100.846,100.803,0.2400
urban,C-V2X Mode 4,50,12,0.58741,0.29481,0.65443,100.413,100.816,0.2453
urban,C-V2X Mode 4,50,13,0.69924,0.33636,0.66209,100.363,100.806,0.2400
urban,C-V2X Mode 4,50,14,0.81277,0.39574,0.65261,100.236,100.809,0.2560
urban,C-V2X Mode 4,50,15,0.76744,0.38527,0.63626,100.475,100.807,0.2347
urban,C-V2X Mode 4,50,16,0.56957,0.27536,0.61831,100.241,100.778,0.2507
urban,C-V2X Mode 4,50,17,0.73876,0.34031,0.58274,100.286,100.816,0.2347
urban,C-V2X Mode 4,50,18,0.77424,0.37727,0.61526,100.838,100.792,0.2400
urban,C-V2X Mode 4,50,19,0.69565,0.36014,0.58371,100.536,100.825,0.2507
urban,UDP,50,0,0.70000,0.70000,0.54807,9.238,9.205,0.2293
urban,UDP,50,1,0.59167,0.59167,0.62087,8.967,9.265,0.2400
urban,UDP,50,2,0.58030,0.58030,0.61061,9.321,9.208,0.2400
urban,UDP,50,3,0.36423,0.36423,0.51786,10.387,9.205,0.2240
urban,UDP,50,4,0.75390,0.75390,0.59189,9.251,9.243,0.2560
urban,UDP,50,5,0.55854,0.55854,0.58069,9.806,9.139,0.2240
urban,UDP,50,6,0.67630,0.67630,0.59422,9.653,9.241,0.2453
urban,UDP,50,7,0.70217,0.70217,0.56858,8.975,9.252,0.2507
urban,UDP,50,8,0.83478,0.83478,0.65496,9.592,9.204,0.2507
urban,UDP,50,9,0.79302,0.79302,0.54785,8.252,9.254,0.2347
urban,UDP,50,10,0.51938,0.51938,0.57163,8.202,9.095,0.2347
urban,UDP,50,11,0.79773,0.79773,0.61040,8.900,9.169,0.2400
urban,UDP,50,12,0.53259,0.53259,0.61511,9.266,9.272,0.2453
urban,UDP,50,13,0.65455,0.65455,0.62550,10.280,9.229,0.2400
urban,UDP,50,14,0.81135,0.81135,0.61787,9.431,9.218,0.2560
urban,UDP,50,15,0.78837,0.78837,0.59263,9.013,9.159,0.2347
urban,UDP,50,16,0.53478,0.53478,0.57506,7.171,9.224,0.2507
urban,UDP,50,17,0.69380,0.69380,0.53878,9.018,9.158,0.2347
urban,UDP,50,18,0.75227,0.75227,0.56980,9.345,9.196,0.2400
urban,UDP,50,19,0.64783,0.64783,0.53578,8.302,9.203,0.2507
urban,MQTT,50,0,0.61429,0.59841,0.48957,212.180,417.117,0.2293
urban,MQTT,50,1,0.52045,0.49621,0.56418,219.422,414.271,0.2400
urban,MQTT,50,2,0.51364,0.49621,0.55434,216.279,415.242,0.2400
urban,MQTT,50,3,0.30976,0.28780,0.46103,219.757,418.908,0.2240
urban,MQTT,50,4,0.69149,0.67092,0.53278,212.757,416.140,0.2560
urban,MQTT,50,5,0.46992,0.43740,0.52114,213.939,415.859,0.2240
urban,MQTT,50,6,0.59111,0.56148,0.53606,219.044,415.740,0.2453
urban,MQTT,50,7,0.63261,0.60652,0.51037,217.373,416.891,0.2507
urban,MQTT,50,8,0.79203,0.77174,0.59853,208.980,413.353,0.2507
urban,MQTT,50,9,0.73178,0.70698,0.49208,210.041,415.494,0.2347
urban,MQTT,50,10,0.46124,0.43411,0.51226,217.551,417.212,0.2347
urban,MQTT,50,11,0.74470,0.72197,0.55151,214.156,414.759,0.2400
urban,MQTT,50,12,0.45481,0.42444,0.55569,219.149,415.335,0.2453
urban,MQTT,50,13,0.59167,0.56364,0.57079,215.188,413.667,0.2400
urban,MQTT,50,14,0.76879,0.74752,0.55821,214.767,414.726,0.2560
urban,MQTT,50,15,0.72481,0.69690,0.53415,212.796,414.647,0.2347
urban,MQTT,50,16,0.47174,0.44710,0.51635,219.965,416.060,0.2507
urban,MQTT,50,17,0.60465,0.56977,0.48257,218.763,415.509,0.2347
urban,MQTT,50,18,0.69773,0.67500,0.51181,213.114,415.534,0.2400
urban,MQTT,50,19,0.57391,0.54420,0.47613,218.219,417.860,0.2507
urban,QDAP,75,0,0.64265,0.64265,0.58152,3.013,10.740,0.3680
urban,QDAP,75,1,0.69755,0.69755,0.62514,2.859,10.742,0.3680
urban,QDAP,75,2,0.81244,0.81244,0.64835,3.082,10.704,0.3627
urban,QDAP,75,3,0.73750,0.73750,0.63470,2.893,10.457,0.3467
urban,QDAP,75,4,0.83990,0.83990,0.65954,2.739,10.746,0.3573
urban,QDAP,75,5,0.65521,0.65521,0.61079,2.719,10.624,0.3467
urban,QDAP,75,6,0.78783,0.78783,0.63222,2.705,10.706,0.3413
urban,QDAP,75,7,0.59179,0.59179,0.61805,2.731,10.706,0.3733
urban,QDAP,75,8,0.86816,0.86816,0.65455,2.860,10.491,0.3627
urban,QDAP,75,9,0.41949,0.41949,0.63583,2.796,10.712,0.3520
urban,QDAP,75,10,0.92687,0.92687,0.64081,2.788,10.848,0.3627
urban,QDAP,75,11,0.88802,0.88802,0.61286,2.858,10.800,0.3467
urban,QDAP,75,12,0.65104,0.65104,0.60695,2.825,10.613,0.3467
urban,QDAP,75,13,0.67292,0.67292,0.61344,2.820,10.550,0.3467
urban,QDAP,75,14,0.82687,0.82687,0.64080,2.860,10.959,0.3627
urban,QDAP,75,15,0.69900,0.69900,0.62515,2.676,10.648,0.3627
urban,QDAP,75,16,0.83389,0.83389,0.66201,2.631,10.648,0.3253
urban,QDAP,75,17,0.73990,0.73990,0.65144,2.810,10.834,0.3573
urban,QDAP,75,18,0.74478,0.74478,0.58640,2.936,10.522,0.3627
urban,QDAP,75,19,0.79792,0.79792,0.62932,2.558,10.700,0.3467
urban,DSRC 802.11p,75,0,0.42500,0.42500,0.51484,2.239,2.530,0.3680
urban,DSRC 802.11p,75,1,0.50343,0.50343,0.55568,2.439,2.533,0.3680
urban,DSRC 802.11p,75,2,0.59502,0.59502,0.58075,2.684,2.538,0.3627
urban,DSRC 802.11p,75,3,0.54375,0.54375,0.57215,2.401,2.538,0.3467
urban,DSRC 802.11p,75,4,0.62222,0.62222,0.59056,2.518,2.535,0.3573
urban,DSRC 802.11p,75,5,0.45990,0.45990,0.54752,2.481,2.526,0.3467
urban,DSRC 802.11p,75,6,0.57354,0.57354,0.57006,2.384,2.535,0.3413
urban,DSRC 802.11p,75,7,0.39710,0.39710,0.54837,2.232,2.537,0.3733
urban,DSRC 802.11p,75,8,0.66965,0.66965,0.58681,2.267,2.516,0.3627
urban,DSRC 802.11p,75,9,0.28256,0.28256,0.56984,2.693,2.525,0.3520
urban,DSRC 802.11p,75,10,0.67264,0.67264,0.57323,2.407,2.543,0.3627
urban,DSRC 802.11p,75,11,0.65521,0.65521,0.54907,2.617,2.532,0.3467
urban,DSRC 802.11p,75,12,0.44427,0.44427,0.54288,2.547,2.533,0.3467
urban,DSRC 802.11p,75,13,0.45625,0.45625,0.54877,2.421,2.536,0.3467
urban,DSRC 802.11p,75,14,0.59851,0.59851,0.57179,2.274,2.529,0.3627
urban,DSRC 802.11p,75,15,0.48657,0.48657,0.55626,2.314,2.544,0.3627
urban,DSRC 802.11p,75,16,0.63167,0.63167,0.60247,2.413,2.516,0.3253
urban,DSRC 802.11p,75,17,0.53434,0.53434,0.58391,2.434,2.527,0.3573
urban,DSRC 802.11p,75,18,0.54726,0.54726,0.52049,2.357,2.530,0.3627
urban,DSRC 802.11p,75,19,0.59948,0.59948,0.56602,2.848,2.529,0.3467
urban,802.11bd,75,0,0.64412,0.64412,0.63058,1.526,1.521,0.3680
urban,802.11bd,75,1,0.70147,0.70147,0.67032,1.475,1.527,0.3680
urban,802.11bd,75,2,0.79403,0.79403,0.69266,1.446,1.533,0.3627
urban,802.11bd,75,3,0.72448,0.72448,0.68161,1.653,1.529,0.3467
urban,802.11bd,75,4,0.80758,0.80758,0.70251,1.463,1.537,0.3573
urban,802.11bd,75,5,0.66979,0.66979,0.66178,1.675,1.536,0.3467
urban,802.11bd,75,6,0.78889,0.78889,0.68074,1.612,1.530,0.3413
urban,802.11bd,75,7,0.61014,0.61014,0.66171,1.491,1.534,0.3733
urban,802.11bd,75,8,0.84577,0.84577,0.69667,1.659,1.523,0.3627
urban,802.11bd,75,9,0.46359,0.46359,0.68149,1.378,1.529,0.3520
urban,802.11bd,75,10,0.88458,0.88458,0.68507,1.511,1.528,0.3627
urban,802.11bd,75,11,0.86302,0.86302,0.66346,1.490,1.524,0.3467
urban,802.11bd,75,12,0.65625,0.65625,0.65790,1.529,1.526,0.3467
urban,802.11bd,75,13,0.67656,0.67656,0.66229,1.564,1.533,0.3467
urban,802.11bd,75,14,0.79104,0.79104,0.68502,1.601,1.527,0.3627
urban,802.11bd,75,15,0.70000,0.70000,0.67129,1.406,1.534,0.3627
urban,802.11bd,75,16,0.80778,0.80778,0.71140,1.505,1.524,0.3253
urban,802.11bd,75,17,0.74545,0.74545,0.69496,1.455,1.526,0.3573
urban,802.11bd,75,18,0.72040,0.72040,0.63656,1.518,1.526,0.3627
urban,802.11bd,75,19,0.79583,0.79583,0.68072,1.562,1.517,0.3467
urban,C-V2X Mode 4,75,0,0.55098,0.27206,0.56634,100.661,100.801,0.3680
urban,C-V2X Mode 4,75,1,0.64608,0.31569,0.60554,100.526,100.809,0.3680
urban,C-V2X Mode 4,75,2,0.73483,0.36169,0.62746,100.057,100.800,0.3627
urban,C-V2X Mode 4,75,3,0.66979,0.33281,0.61747,100.633,100.807,0.3467
urban,C-V2X Mode 4,75,4,0.75606,0.37677,0.63586,100.698,100.800,0.3573
urban,C-V2X Mode 4,75,5,0.60052,0.28906,0.59662,100.479,100.798,0.3467
urban,C-V2X Mode 4,75,6,0.71799,0.35132,0.61609,100.372,100.789,0.3413
urban,C-V2X Mode 4,75,7,0.53865,0.26860,0.59790,100.743,100.788,0.3733
urban,C-V2X Mode 4,75,8,0.78259,0.38806,0.63193,100.268,100.790,0.3627
urban,C-V2X Mode 4,75,9,0.39692,0.19590,0.61596,100.164,100.800,0.3520
urban,C-V2X Mode 4,75,10,0.82488,0.39303,0.62065,100.695,100.810,0.3627
urban,C-V2X Mode 4,75,11,0.79167,0.39115,0.59815,100.413,100.792,0.3467
urban,C-V2X Mode 4,75,12,0.59271,0.28854,0.59251,100.028,100.789,0.3467
urban,C-V2X Mode 4,75,13,0.58906,0.27083,0.59649,100.060,100.798,0.3467
urban,C-V2X Mode 4,75,14,0.74080,0.34428,0.62029,100.188,100.796,0.3627
urban,C-V2X Mode 4,75,15,0.63383,0.31741,0.60614,99.488,100.772,0.3627
urban,C-V2X Mode 4,75,16,0.74444,0.35889,0.64519,100.606,100.774,0.3253
urban,C-V2X Mode 4,75,17,0.67475,0.32525,0.63044,100.145,100.781,0.3573
urban,C-V2X Mode 4,75,18,0.67264,0.31443,0.57145,100.348,100.811,0.3627
urban,C-V2X Mode 4,75,19,0.71302,0.34635,0.61311,100.312,100.783,0.3467
urban,UDP,75,0,0.53480,0.53480,0.53955,8.753,9.188,0.3680
urban,UDP,75,1,0.59706,0.59706,0.58458,8.756,9.199,0.3680
urban,UDP,75,2,0.74876,0.74876,0.61025,9.044,9.179,0.3627
urban,UDP,75,3,0.65833,0.65833,0.59715,8.985,9.234,0.3467
urban,UDP,75,4,0.75303,0.75303,0.61949,9.131,9.255,0.3573
urban,UDP,75,5,0.58177,0.58177,0.57010,9.584,9.201,0.3467
urban,UDP,75,6,0.70370,0.70370,0.59311,9.254,9.217,0.3413
urban,UDP,75,7,0.50338,0.50338,0.57901,9.502,9.188,0.3733
urban,UDP,75,8,0.82388,0.82388,0.61805,8.461,9.202,0.3627
urban,UDP,75,9,0.35128,0.35128,0.59624,9.216,9.214,0.3520
urban,UDP,75,10,0.86119,0.86119,0.60345,9.497,9.198,0.3627
urban,UDP,75,11,0.81146,0.81146,0.57228,9.521,9.204,0.3467
urban,UDP,75,12,0.54531,0.54531,0.56446,10.014,9.250,0.3467
urban,UDP,75,13,0.58073,0.58073,0.57066,8.982,9.256,0.3467
urban,UDP,75,14,0.73433,0.73433,0.60111,9.605,9.184,0.3627
urban,UDP,75,15,0.60547,0.60547,0.58341,10.044,9.222,0.3627
urban,UDP,75,16,0.75722,0.75722,0.62452,8.776,9.243,0.3253
urban,UDP,75,17,0.67071,0.67071,0.61322,8.271,9.235,0.3573
urban,UDP,75,18,0.66517,0.66517,0.54574,9.783,9.218,0.3627
urban,UDP,75,19,0.72031,0.72031,0.58907,9.507,9.116,0.3467
urban,MQTT,75,0,0.46176,0.37696,0.48183,261.748,425.074,0.3680
urban,MQTT,75,1,0.52647,0.41716,0.52735,260.802,421.386,0.3680
urban,MQTT,75,2,0.69104,0.56169,0.55308,239.244,420.011,0.3627
urban,MQTT,75,3,0.60208,0.49688,0.54110,236.980,419.899,0.3467
urban,MQTT,75,4,0.68333,0.55758,0.56236,236.575,419.479,0.3573
urban,MQTT,75,5,0.50417,0.40885,0.51279,240.136,422.140,0.3467
urban,MQTT,75,6,0.64921,0.53968,0.53674,227.449,418.377,0.3413
urban,MQTT,75,7,0.41691,0.33527,0.52135,255.392,421.796,0.3733
urban,MQTT,75,8,0.77463,0.64080,0.56214,229.655,418.652,0.3627
urban,MQTT,75,9,0.27590,0.21282,0.53938,271.791,420.162,0.3520
urban,MQTT,75,10,0.81592,0.67413,0.54551,240.704,419.628,0.3627
urban,MQTT,75,11,0.75313,0.62448,0.51356,228.464,422.282,0.3467
urban,MQTT,75,12,0.47083,0.37604,0.50643,238.769,423.916,0.3467
urban,MQTT,75,13,0.50313,0.40729,0.51186,235.021,422.327,0.3467
urban,MQTT,75,14,0.68010,0.55672,0.54213,223.394,420.811,0.3627
urban,MQTT,75,15,0.52786,0.42289,0.52460,247.297,422.204,0.3627
urban,MQTT,75,16,0.68889,0.59000,0.56834,228.790,417.683,0.3253
urban,MQTT,75,17,0.58889,0.48333,0.55711,239.612,418.582,0.3573
urban,MQTT,75,18,0.60647,0.50100,0.48737,230.354,422.930,0.3627
urban,MQTT,75,19,0.65990,0.53281,0.53086,239.619,422.050,0.3467
urban,QDAP,100,0,0.71429,0.71429,0.59739,2.688,11.371,0.4907
urban,QDAP,100,1,0.90681,0.90681,0.64587,2.906,11.170,0.5013
urban,QDAP,100,2,0.70375,0.70375,0.66022,2.733,11.271,0.4800
urban,QDAP,100,3,0.62128,0.62128,0.62445,2.695,11.400,0.5067
urban,QDAP,100,4,0.73830,0.73830,0.65237,2.907,11.410,0.5067
urban,QDAP,100,5,0.80575,0.80575,0.60849,2.868,11.216,0.4693
urban,QDAP,100,6,0.51341,0.51341,0.59383,2.833,11.378,0.4960
urban,QDAP,100,7,0.77500,0.77500,0.66664,2.780,11.321,0.4747
urban,QDAP,100,8,0.75495,0.75495,0.65565,2.882,11.180,0.4907
urban,QDAP,100,9,0.76264,0.76264,0.67684,2.881,11.500,0.4907
urban,QDAP,100,10,0.67563,0.67563,0.64104,2.900,11.169,0.5013
urban,QDAP,100,11,0.65930,0.65930,0.60456,2.704,11.192,0.5120
urban,QDAP,100,12,0.75275,0.75275,0.60164,2.960,11.129,0.4907
urban,QDAP,100,13,0.87424,0.87424,0.58717,2.869,11.130,0.4747
urban,QDAP,100,14,0.90575,0.90575,0.67375,2.660,11.326,0.4693
urban,QDAP,100,15,0.88127,0.88127,0.66006,2.819,11.331,0.4800
urban,QDAP,100,16,0.50963,0.50963,0.63984,2.991,11.420,0.4853
urban,QDAP,100,17,0.80403,0.80403,0.63464,2.876,11.307,0.4907
urban,QDAP,100,18,0.72811,0.72811,0.61934,2.800,10.820,0.4480
urban,QDAP,100,19,0.70431,0.70431,0.60061,2.908,11.148,0.4587
urban,DSRC 802.11p,100,0,0.47253,0.47253,0.49348,2.719,2.560,0.4907
urban,DSRC 802.11p,100,1,0.63262,0.63262,0.53243,2.801,2.564,0.5013
urban,DSRC 802.11p,100,2,0.45730,0.45730,0.55342,2.459,2.563,0.4800
urban,DSRC 802.11p,100,3,0.40922,0.40922,0.51184,2.657,2.568,0.5067
urban,DSRC 802.11p,100,4,0.49291,0.49291,0.53668,2.402,2.567,0.5067
urban,DSRC 802.11p,100,5,0.55211,0.55211,0.50969,2.540,2.548,0.4693
urban,DSRC 802.11p,100,6,0.30797,0.30797,0.48929,2.388,2.555,0.4960
urban,DSRC 802.11p,100,7,0.52727,0.52727,0.56070,2.741,2.562,0.4747
urban,DSRC 802.11p,100,8,0.50147,0.50147,0.54608,2.600,2.567,0.4907
urban,DSRC 802.11p,100,9,0.50366,0.50366,0.56450,2.854,2.557,0.4907
urban,DSRC 802.11p,100,10,0.44875,0.44875,0.52974,2.321,2.561,0.5013
urban,DSRC 802.11p,100,11,0.41719,0.41719,0.49216,2.248,2.581,0.5120
urban,DSRC 802.11p,100,12,0.50403,0.50403,0.49752,2.777,2.562,0.4907
urban,DSRC 802.11p,100,13,0.59394,0.59394,0.49012,2.865,2.561,0.4747
urban,DSRC 802.11p,100,14,0.62069,0.62069,0.56993,2.652,2.561,0.4693
urban,DSRC 802.11p,100,15,0.59064,0.59064,0.55339,2.620,2.567,0.4800
urban,DSRC 802.11p,100,16,0.31444,0.31444,0.53367,2.287,2.548,0.4853
urban,DSRC 802.11p,100,17,0.53260,0.53260,0.52605,2.484,2.564,0.4907
urban,DSRC 802.11p,100,18,0.49157,0.49157,0.52748,2.645,2.556,0.4480
urban,DSRC 802.11p,100,19,0.46196,0.46196,0.50778,2.700,2.554,0.4587
urban,802.11bd,100,0,0.67802,0.67802,0.61407,1.483,1.552,0.4907
urban,802.11bd,100,1,0.81649,0.81649,0.65040,1.563,1.550,0.5013
urban,802.11bd,100,2,0.68539,0.68539,0.67077,1.726,1.548,0.4800
urban,802.11bd,100,3,0.57872,0.57872,0.63066,1.438,1.553,0.5067
urban,802.11bd,100,4,0.69894,0.69894,0.65377,1.611,1.558,0.5067
urban,802.11bd,100,5,0.77241,0.77241,0.62887,1.588,1.540,0.4693
urban,802.11bd,100,6,0.48804,0.48804,0.60828,1.559,1.544,0.4960
urban,802.11bd,100,7,0.73333,0.73333,0.67742,1.484,1.552,0.4747
urban,802.11bd,100,8,0.70623,0.70623,0.66259,1.587,1.546,0.4907
urban,802.11bd,100,9,0.72125,0.72125,0.67914,1.629,1.551,0.4907
urban,802.11bd,100,10,0.63118,0.63118,0.64478,1.539,1.548,0.5013
urban,802.11bd,100,11,0.62246,0.62246,0.61214,1.505,1.553,0.5120
urban,802.11bd,100,12,0.68755,0.68755,0.61558,1.451,1.553,0.4907
urban,802.11bd,100,13,0.81553,0.81553,0.60879,1.509,1.548,0.4747
urban,802.11bd,100,14,0.84713,0.84713,0.68275,1.591,1.542,0.4693
urban,802.11bd,100,15,0.80337,0.80337,0.67039,1.493,1.554,0.4800
urban,802.11bd,100,16,0.47444,0.47444,0.64868,1.587,1.547,0.4853
urban,802.11bd,100,17,0.74982,0.74982,0.64350,1.552,1.553,0.4907
urban,802.11bd,100,18,0.70321,0.70321,0.64572,1.551,1.541,0.4480
urban,802.11bd,100,19,0.67804,0.67804,0.62586,1.622,1.544,0.4587
urban,C-V2X Mode 4,100,0,0.62161,0.30623,0.56063,100.242,100.788,0.4907
urban,C-V2X Mode 4,100,1,0.78065,0.39032,0.59922,100.427,100.794,0.5013
urban,C-V2X Mode 4,100,2,0.61648,0.30524,0.61598,100.165,100.792,0.4800
urban,C-V2X Mode 4,100,3,0.53830,0.25213,0.58011,100.330,100.805,0.5067
urban,C-V2X Mode 4,100,4,0.64645,0.31206,0.60364,100.387,100.794,0.5067
urban,C-V2X Mode 4,100,5,0.71609,0.34559,0.57260,100.663,100.787,0.4693
urban,C-V2X Mode 4,100,6,0.43659,0.20652,0.55632,100.541,100.783,0.4960
urban,C-V2X Mode 4,100,7,0.67841,0.33106,0.62187,100.724,100.816,0.4747
urban,C-V2X Mode 4,100,8,0.65092,0.30440,0.60954,100.591,100.800,0.4907
urban,C-V2X Mode 4,100,9,0.68278,0.32454,0.62724,100.534,100.815,0.4907
urban,C-V2X Mode 4,100,10,0.58638,0.28566,0.59385,100.677,100.799,0.5013
urban,C-V2X Mode 4,100,11,0.57895,0.27404,0.56195,100.574,100.817,0.5120
urban,C-V2X Mode 4,100,12,0.65055,0.33590,0.56292,100.623,100.779,0.4907
urban,C-V2X Mode 4,100,13,0.74697,0.35076,0.55421,100.550,100.797,0.4747
urban,C-V2X Mode 4,100,14,0.76092,0.35441,0.62795,100.695,100.804,0.4693
urban,C-V2X Mode 4,100,15,0.76629,0.36742,0.61522,100.192,100.792,0.4800
urban,C-V2X Mode 4,100,16,0.44037,0.20667,0.59601,100.487,100.800,0.4853
urban,C-V2X Mode 4,100,17,0.68095,0.33956,0.59136,100.242,100.807,0.4907
urban,C-V2X Mode 4,100,18,0.65221,0.33133,0.58684,100.553,100.817,0.4480
urban,C-V2X Mode 4,100,19,0.60353,0.28902,0.56889,100.051,100.792,0.4587
urban,UDP,100,0,0.61538,0.61538,0.55559,9.504,9.207,0.4907
urban,UDP,100,1,0.83692,0.83692,0.60591,8.789,9.206,0.5013
urban,UDP,100,2,0.60075,0.60075,0.62149,9.606,9.194,0.4800
urban,UDP,100,3,0.53369,0.53369,0.58194,27.105,25.597,0.5067
urban,UDP,100,4,0.64468,0.64468,0.61166,27.885,25.672,0.5067
urban,UDP,100,5,0.73716,0.73716,0.56667,8.473,9.224,0.4693
urban,UDP,100,6,0.41812,0.41812,0.55318,8.902,9.203,0.4960
urban,UDP,100,7,0.68030,0.68030,0.62802,9.588,9.204,0.4747
urban,UDP,100,8,0.67143,0.67143,0.61813,8.790,9.181,0.4907
urban,UDP,100,9,0.69231,0.69231,0.63968,8.617,9.218,0.4907
urban,UDP,100,10,0.60430,0.60430,0.60349,9.109,9.212,0.5013
urban,UDP,100,11,0.54667,0.54667,0.55233,27.028,25.807,0.5120
urban,UDP,100,12,0.68022,0.68022,0.56124,9.105,9.209,0.4907
urban,UDP,100,13,0.79091,0.79091,0.54579,9.921,9.250,0.4747
urban,UDP,100,14,0.84406,0.84406,0.63693,8.798,9.207,0.4693
urban,UDP,100,15,0.81311,0.81311,0.62166,8.631,9.227,0.4800
urban,UDP,100,16,0.40333,0.40333,0.60121,9.178,9.211,0.4853
urban,UDP,100,17,0.71722,0.71722,0.59489,8.546,9.211,0.4907
urban,UDP,100,18,0.62811,0.62811,0.57926,8.717,9.215,0.4480
urban,UDP,100,19,0.59294,0.59294,0.55977,8.872,9.201,0.4587
urban,MQTT,100,0,0.55385,0.41062,0.49720,259.169,430.757,0.4907
urban,MQTT,100,1,0.80108,0.58710,0.54815,245.412,425.182,0.5013
urban,MQTT,100,2,0.52659,0.38614,0.56412,281.191,425.255,0.4800
urban,MQTT,100,3,0.47518,0.33191,0.52674,287.532,426.090,0.5067
urban,MQTT,100,4,0.56986,0.40248,0.55666,257.823,425.147,0.5067
urban,MQTT,100,5,0.65479,0.48582,0.50843,260.095,425.988,0.4693
urban,MQTT,100,6,0.34420,0.25217,0.49466,251.083,430.749,0.4960
urban,MQTT,100,7,0.60833,0.44356,0.57053,257.315,425.190,0.4747
urban,MQTT,100,8,0.60330,0.44396,0.56137,255.283,423.779,0.4907
urban,MQTT,100,9,0.60733,0.44505,0.58354,232.920,421.809,0.4907
urban,MQTT,100,10,0.52616,0.38280,0.54822,258.434,424.224,0.5013
urban,MQTT,100,11,0.50246,0.35368,0.50584,260.093,429.595,0.5120
urban,MQTT,100,12,0.60000,0.42711,0.50395,264.832,428.836,0.4907
urban,MQTT,100,13,0.73409,0.53636,0.48755,262.861,430.173,0.4747
urban,MQTT,100,14,0.80996,0.62261,0.58133,242.919,420.326,0.4693
urban,MQTT,100,15,0.74644,0.54494,0.56387,251.546,424.491,0.4800
urban,MQTT,100,16,0.31963,0.22778,0.54616,255.264,425.089,0.4853
urban,MQTT,100,17,0.64652,0.47656,0.53785,253.152,426.768,0.4907
urban,MQTT,100,18,0.56586,0.43614,0.52104,247.999,425.642,0.4480
urban,MQTT,100,19,0.52863,0.41098,0.50224,249.275,426.907,0.4587
highway,QDAP,25,0,0.44776,0.44776,0.37436,2.796,9.499,0.1333
highway,QDAP,25,1,0.49852,0.49852,0.38472,2.814,9.580,0.1333
highway,QDAP,25,2,0.44745,0.44745,0.38678,3.009,9.781,0.1333
highway,QDAP,25,3,0.46356,0.46356,0.37691,2.364,9.230,0.1333
highway,QDAP,25,4,0.45869,0.45869,0.37756,2.996,9.676,0.1333
highway,QDAP,25,5,0.43491,0.43491,0.36778,2.783,9.587,0.1333
highway,QDAP,25,6,0.44898,0.44898,0.38945,2.546,9.728,0.1333
highway,QDAP,25,7,0.44910,0.44910,0.35831,2.425,9.199,0.1333
highway,QDAP,25,8,0.46084,0.46084,0.38236,2.608,9.747,0.1333
highway,QDAP,25,9,0.44073,0.44073,0.38050,2.558,9.452,0.1333
highway,QDAP,25,10,0.39535,0.39535,0.37015,2.795,9.745,0.1333
highway,QDAP,25,11,0.44868,0.44868,0.39087,2.999,9.703,0.1333
highway,QDAP,25,12,0.46628,0.46628,0.37410,3.022,9.566,0.1333
highway,QDAP,25,13,0.43119,0.43119,0.37596,2.827,9.734,0.1333
highway,QDAP,25,14,0.40056,0.40056,0.37458,3.121,9.914,0.1333
highway,QDAP,25,15,0.45161,0.45161,0.37919,2.161,9.508,0.1333
highway,QDAP,25,16,0.44970,0.44970,0.38328,3.223,9.864,0.1333
highway,QDAP,25,17,0.45614,0.45614,0.38091,2.943,9.567,0.1333
highway,QDAP,25,18,0.46591,0.46591,0.37141,2.504,9.304,0.1333
highway,QDAP,25,19,0.44776,0.44776,0.37258,2.963,9.648,0.1333
highway,DSRC 802.11p,25,0,0.33433,0.33433,0.36079,2.275,2.425,0.1333
highway,DSRC 802.11p,25,1,0.36202,0.36202,0.36770,2.314,2.450,0.1333
highway,DSRC 802.11p,25,2,0.34535,0.34535,0.37146,2.606,2.504,0.1333
highway,DSRC 802.11p,25,3,0.34402,0.34402,0.36233,2.281,2.398,0.1333
highway,DSRC 802.11p,25,4,0.33048,0.33048,0.35899,1.845,2.439,0.1333
highway,DSRC 802.11p,25,5,0.37870,0.37870,0.35214,2.203,2.438,0.1333
highway,DSRC 802.11p,25,6,0.35569,0.35569,0.37050,1.707,2.506,0.1333
highway,DSRC 802.11p,25,7,0.32934,0.32934,0.34157,2.057,2.433,0.1333
highway,DSRC 802.11p,25,8,0.36145,0.36145,0.36374,2.533,2.506,0.1333
highway,DSRC 802.11p,25,9,0.32827,0.32827,0.36589,2.619,2.490,0.1333
highway,DSRC 802.11p,25,10,0.27616,0.27616,0.35080,2.974,2.473,0.1333
highway,DSRC 802.11p,25,11,0.32551,0.32551,0.37294,2.164,2.452,0.1333
highway,DSRC 802.11p,25,12,0.36070,0.36070,0.35878,2.857,2.463,0.1333
highway,DSRC 802.11p,25,13,0.33639,0.33639,0.35935,2.053,2.553,0.1333
highway,DSRC 802.11p,25,14,0.31373,0.31373,0.35849,2.917,2.478,0.1333
highway,DSRC 802.11p,25,15,0.35191,0.35191,0.36133,2.049,2.488,0.1333
highway,DSRC 802.11p,25,16,0.32840,0.32840,0.36526,2.515,2.516,0.1333
highway,DSRC 802.11p,25,17,0.35088,0.35088,0.36407,3.029,2.462,0.1333
highway,DSRC 802.11p,25,18,0.36648,0.36648,0.35663,2.030,2.470,0.1333
highway,DSRC 802.11p,25,19,0.37015,0.37015,0.35379,1.677,2.476,0.1333
highway,802.11bd,25,0,0.45373,0.45373,0.43878,1.457,1.475,0.1333
highway,802.11bd,25,1,0.51335,0.51335,0.44894,1.268,1.480,0.1333
highway,802.11bd,25,2,0.47748,0.47748,0.45204,1.435,1.461,0.1333
highway,802.11bd,25,3,0.52187,0.52187,0.43840,1.152,1.466,0.1333
highway,802.11bd,25,4,0.45584,0.45584,0.43466,1.207,1.511,0.1333
highway,802.11bd,25,5,0.47633,0.47633,0.43303,1.506,1.478,0.1333
highway,802.11bd,25,6,0.50146,0.50146,0.45308,1.571,1.454,0.1333
highway,802.11bd,25,7,0.45210,0.45210,0.42181,1.472,1.481,0.1333
highway,802.11bd,25,8,0.46988,0.46988,0.44732,1.266,1.487,0.1333
highway,802.11bd,25,9,0.48328,0.48328,0.44595,1.527,1.493,0.1333
highway,802.11bd,25,10,0.41860,0.41860,0.43051,1.399,1.487,0.1333
highway,802.11bd,25,11,0.44575,0.44575,0.45173,1.012,1.464,0.1333
highway,802.11bd,25,12,0.49853,0.49853,0.43561,1.307,1.468,0.1333
highway,802.11bd,25,13,0.46177,0.46177,0.43946,1.243,1.496,0.1333
highway,802.11bd,25,14,0.46218,0.46218,0.43430,1.560,1.505,0.1333
highway,802.11bd,25,15,0.43109,0.43109,0.44213,1.461,1.464,0.1333
highway,802.11bd,25,16,0.44379,0.44379,0.44892,1.589,1.484,0.1333
highway,802.11bd,25,17,0.49415,0.49415,0.44211,2.086,1.464,0.1333
highway,802.11bd,25,18,0.49716,0.49716,0.43154,1.465,1.459,0.1333
highway,802.11bd,25,19,0.48657,0.48657,0.43428,1.685,1.482,0.1333
highway,C-V2X Mode 4,25,0,0.43881,0.20299,0.40062,100.353,100.780,0.1333
highway,C-V2X Mode 4,25,1,0.48665,0.21662,0.41176,100.673,100.771,0.1333
highway,C-V2X Mode 4,25,2,0.42643,0.22222,0.41512,99.924,100.729,0.1333
highway,C-V2X Mode 4,25,3,0.44606,0.22741,0.40405,100.985,100.765,0.1333
highway,C-V2X Mode 4,25,4,0.45014,0.21083,0.40249,99.919,100.825,0.1333
highway,C-V2X Mode 4,25,5,0.44675,0.21893,0.39535,100.421,100.750,0.1333
highway,C-V2X Mode 4,25,6,0.45773,0.20991,0.41662,100.607,100.796,0.1333
highway,C-V2X Mode 4,25,7,0.46407,0.25749,0.38528,100.411,100.856,0.1333
highway,C-V2X Mode 4,25,8,0.47289,0.26205,0.41035,100.914,100.710,0.1333
highway,C-V2X Mode 4,25,9,0.44377,0.23708,0.41004,97.461,100.683,0.1333
highway,C-V2X Mode 4,25,10,0.39535,0.19186,0.39580,96.458,100.630,0.1333
highway,C-V2X Mode 4,25,11,0.46041,0.24047,0.41843,99.559,100.826,0.1333
highway,C-V2X Mode 4,25,12,0.46921,0.24047,0.40063,97.152,100.690,0.1333
highway,C-V2X Mode 4,25,13,0.41590,0.22018,0.40337,100.174,100.864,0.1333
highway,C-V2X Mode 4,25,14,0.39496,0.17647,0.40002,100.226,100.814,0.1333
highway,C-V2X Mode 4,25,15,0.42522,0.21701,0.40491,99.726,100.832,0.1333
highway,C-V2X Mode 4,25,16,0.47041,0.22781,0.41076,99.524,100.783,0.1333
highway,C-V2X Mode 4,25,17,0.45029,0.20175,0.40627,101.007,100.854,0.1333
highway,C-V2X Mode 4,25,18,0.42614,0.23580,0.39717,99.955,100.774,0.1333
highway,C-V2X Mode 4,25,19,0.45970,0.22985,0.40118,99.581,100.843,0.1333
highway,UDP,25,0,0.38209,0.38209,0.34571,8.786,9.152,0.1333
highway,UDP,25,1,0.44510,0.44510,0.35430,6.650,9.093,0.1333
highway,UDP,25,2,0.39940,0.39940,0.35736,7.995,9.497,0.1333
highway,UDP,25,3,0.41108,0.41108,0.34690,7.074,9.308,0.1333
highway,UDP,25,4,0.37322,0.37322,0.34938,9.339,9.226,0.1333
highway,UDP,25,5,0.41124,0.41124,0.33892,10.779,9.249,0.1333
highway,UDP,25,6,0.40816,0.40816,0.36119,9.274,9.268,0.1333
highway,UDP,25,7,0.36527,0.36527,0.32796,7.897,9.105,0.1333
highway,UDP,25,8,0.40663,0.40663,0.35162,7.320,9.124,0.1333
highway,UDP,25,9,0.40122,0.40122,0.35316,8.100,9.586,0.1333
highway,UDP,25,10,0.35756,0.35756,0.34382,8.423,9.168,0.1333
highway,UDP,25,11,0.39589,0.39589,0.36296,9.663,9.228,0.1333
highway,UDP,25,12,0.42522,0.42522,0.34675,9.460,9.040,0.1333
highway,UDP,25,13,0.33333,0.33333,0.34726,10.105,9.292,0.1333
highway,UDP,25,14,0.36695,0.36695,0.34618,6.924,9.335,0.1333
highway,UDP,25,15,0.39883,0.39883,0.34775,7.071,9.013,0.1333
highway,UDP,25,16,0.43195,0.43195,0.35507,7.096,9.038,0.1333
highway,UDP,25,17,0.42982,0.42982,0.35289,9.240,9.095,0.1333
highway,UDP,25,18,0.42045,0.42045,0.34507,9.025,9.164,0.1333
highway,UDP,25,19,0.40000,0.40000,0.34111,8.748,9.168,0.1333
highway,MQTT,25,0,0.36716,0.36716,0.30570,13.694,409.042,0.1333
highway,MQTT,25,1,0.32047,0.30564,0.31723,207.262,409.450,0.1333
highway,MQTT,25,2,0.36637,0.36336,0.32143,18.541,409.434,0.1333
highway,MQTT,25,3,0.37318,0.34985,0.30745,208.676,408.552,0.1333
highway,MQTT,25,4,0.31909,0.31054,0.31345,205.466,408.727,0.1333
highway,MQTT,25,5,0.37574,0.34615,0.29623,209.544,409.376,0.1333
highway,MQTT,25,6,0.37609,0.35860,0.31926,207.738,410.759,0.1333
highway,MQTT,25,7,0.32635,0.31138,0.28809,208.763,409.323,0.1333
highway,MQTT,25,8,0.37048,0.36145,0.31092,206.110,408.414,0.1333
highway,MQTT,25,9,0.37082,0.34650,0.31621,208.583,408.290,0.1333
highway,MQTT,25,10,0.32849,0.30523,0.30467,209.017,408.165,0.1333
highway,MQTT,25,11,0.36657,0.36070,0.32088,160.317,409.022,0.1333
highway,MQTT,25,12,0.36070,0.35191,0.30578,208.188,408.289,0.1333
highway,MQTT,25,13,0.30887,0.29969,0.30916,207.332,408.798,0.1333
highway,MQTT,25,14,0.33333,0.31653,0.30705,208.290,409.162,0.1333
highway,MQTT,25,15,0.34311,0.34018,0.30801,14.076,408.475,0.1333
highway,MQTT,25,16,0.37574,0.35503,0.31295,207.087,409.155,0.1333
highway,MQTT,25,17,0.35380,0.34211,0.31352,206.984,408.904,0.1333
highway,MQTT,25,18,0.37216,0.35795,0.30772,209.444,408.553,0.1333
highway,MQTT,25,19,0.34925,0.34328,0.30420,175.648,408.402,0.1333
highway,QDAP,50,0,0.45429,0.45429,0.39590,2.711,9.614,0.2667
highway,QDAP,50,1,0.40499,0.40499,0.40413,2.728,9.841,0.2667
highway,QDAP,50,2,0.44907,0.44907,0.40572,2.954,9.917,0.2667
highway,QDAP,50,3,0.41935,0.41935,0.39327,2.903,9.728,0.2667
highway,QDAP,50,4,0.45876,0.45876,0.39600,2.609,9.899,0.2667
highway,QDAP,50,5,0.43872,0.43872,0.39390,2.563,9.596,0.2667
highway,QDAP,50,6,0.41463,0.41463,0.40050,2.725,9.954,0.2667
highway,QDAP,50,7,0.45455,0.45455,0.39504,2.681,9.495,0.2667
highway,QDAP,50,8,0.43533,0.43533,0.39327,2.674,9.648,0.2667
highway,QDAP,50,9,0.41033,0.41033,0.39786,2.357,9.892,0.2667
highway,QDAP,50,10,0.41467,0.41467,0.39849,2.749,9.877,0.2667
highway,QDAP,50,11,0.44070,0.44070,0.40323,2.591,9.909,0.2667
highway,QDAP,50,12,0.39890,0.39890,0.38755,2.794,9.563,0.2667
highway,QDAP,50,13,0.40831,0.40831,0.38887,3.086,9.811,0.2667
highway,QDAP,50,14,0.39390,0.39390,0.39913,2.805,9.907,0.2667
highway,QDAP,50,15,0.41326,0.41326,0.39465,2.546,9.718,0.2667
highway,QDAP,50,16,0.44913,0.44913,0.40365,3.244,10.068,0.2667
highway,QDAP,50,17,0.38409,0.38409,0.39353,3.106,9.710,0.2667
highway,QDAP,50,18,0.45022,0.45022,0.39575,2.523,9.800,0.2667
highway,QDAP,50,19,0.43759,0.43759,0.39667,2.920,9.857,0.2667
highway,DSRC 802.11p,50,0,0.32571,0.32571,0.37903,1.909,2.454,0.2667
highway,DSRC 802.11p,50,1,0.31484,0.31484,0.38716,2.326,2.484,0.2667
highway,DSRC 802.11p,50,2,0.33716,0.33716,0.38911,2.563,2.527,0.2667
highway,DSRC 802.11p,50,3,0.31276,0.31276,0.37851,1.698,2.470,0.2667
highway,DSRC 802.11p,50,4,0.35456,0.35456,0.37938,2.968,2.469,0.2667
highway,DSRC 802.11p,50,5,0.34401,0.34401,0.37837,2.412,2.471,0.2667
highway,DSRC 802.11p,50,6,0.31707,0.31707,0.38346,2.406,2.480,0.2667
highway,DSRC 802.11p,50,7,0.34199,0.34199,0.37733,1.913,2.470,0.2667
highway,DSRC 802.11p,50,8,0.32684,0.32684,0.37828,2.678,2.468,0.2667
highway,DSRC 802.11p,50,9,0.33967,0.33967,0.38215,2.596,2.505,0.2667
highway,DSRC 802.11p,50,10,0.32000,0.32000,0.38269,2.288,2.492,0.2667
highway,DSRC 802.11p,50,11,0.32211,0.32211,0.38589,2.219,2.463,0.2667
highway,DSRC 802.11p,50,12,0.31087,0.31087,0.37299,2.896,2.462,0.2667
highway,DSRC 802.11p,50,13,0.28797,0.28797,0.37420,2.273,2.514,0.2667
highway,DSRC 802.11p,50,14,0.30652,0.30652,0.38336,2.064,2.498,0.2667
highway,DSRC 802.11p,50,15,0.31876,0.31876,0.38009,2.028,2.487,0.2667
highway,DSRC 802.11p,50,16,0.36337,0.36337,0.38703,2.031,2.487,0.2667
highway,DSRC 802.11p,50,17,0.29081,0.29081,0.37728,2.355,2.468,0.2667
highway,DSRC 802.11p,50,18,0.34055,0.34055,0.38210,2.746,2.479,0.2667
highway,DSRC 802.11p,50,19,0.33661,0.33661,0.37969,2.437,2.479,0.2667
highway,802.11bd,50,0,0.45286,0.45286,0.45025,1.387,1.487,0.2667
highway,802.11bd,50,1,0.42857,0.42857,0.45882,1.673,1.497,0.2667
highway,802.11bd,50,2,0.46915,0.46915,0.46127,1.309,1.491,0.2667
highway,802.11bd,50,3,0.43899,0.43899,0.44914,1.371,1.486,0.2667
highway,802.11bd,50,4,0.47467,0.47467,0.45213,1.324,1.494,0.2667
highway,802.11bd,50,5,0.45682,0.45682,0.44535,1.407,1.499,0.2667
highway,802.11bd,50,6,0.45337,0.45337,0.45628,1.624,1.499,0.2667
highway,802.11bd,50,7,0.48773,0.48773,0.44875,1.399,1.482,0.2667
highway,802.11bd,50,8,0.47844,0.47844,0.44791,1.863,1.477,0.2667
highway,802.11bd,50,9,0.43342,0.43342,0.45113,1.370,1.505,0.2667
highway,802.11bd,50,10,0.41600,0.41600,0.45439,1.588,1.495,0.2667
highway,802.11bd,50,11,0.44802,0.44802,0.45788,1.685,1.491,0.2667
highway,802.11bd,50,12,0.41128,0.41128,0.44393,1.383,1.478,0.2667
highway,802.11bd,50,13,0.42407,0.42407,0.44550,1.305,1.494,0.2667
highway,802.11bd,50,14,0.41331,0.41331,0.45551,1.501,1.487,0.2667
highway,802.11bd,50,15,0.45839,0.45839,0.45057,1.529,1.484,0.2667
highway,802.11bd,50,16,0.44477,0.44477,0.45911,1.369,1.484,0.2667
highway,802.11bd,50,17,0.39918,0.39918,0.44881,1.652,1.496,0.2667
highway,802.11bd,50,18,0.45887,0.45887,0.45266,1.633,1.490,0.2667
highway,802.11bd,50,19,0.44180,0.44180,0.45007,1.310,1.467,0.2667
highway,C-V2X Mode 4,50,0,0.42143,0.22000,0.41135,100.020,100.859,0.2667
highway,C-V2X Mode 4,50,1,0.39945,0.19279,0.41902,101.413,100.797,0.2667
highway,C-V2X Mode 4,50,2,0.42755,0.16930,0.42089,99.390,100.793,0.2667
highway,C-V2X Mode 4,50,3,0.41655,0.17672,0.41078,100.458,100.821,0.2667
highway,C-V2X Mode 4,50,4,0.43705,0.21418,0.41253,100.058,100.774,0.2667
highway,C-V2X Mode 4,50,5,0.41504,0.19638,0.40688,100.477,100.801,0.2667
highway,C-V2X Mode 4,50,6,0.41607,0.20086,0.41808,100.166,100.758,0.2667
highway,C-V2X Mode 4,50,7,0.45310,0.22799,0.40944,99.794,100.817,0.2667
highway,C-V2X Mode 4,50,8,0.42420,0.19611,0.40938,99.619,100.760,0.2667
highway,C-V2X Mode 4,50,9,0.40897,0.19565,0.41435,100.103,100.826,0.2667
highway,C-V2X Mode 4,50,10,0.38667,0.20267,0.41504,100.846,100.750,0.2667
highway,C-V2X Mode 4,50,11,0.39971,0.18009,0.41857,100.333,100.773,0.2667
highway,C-V2X Mode 4,50,12,0.37689,0.18294,0.40458,100.879,100.796,0.2667
highway,C-V2X Mode 4,50,13,0.40115,0.21060,0.40545,100.526,100.733,0.2667
highway,C-V2X Mode 4,50,14,0.38696,0.18724,0.41565,100.502,100.794,0.2667
highway,C-V2X Mode 4,50,15,0.42877,0.21298,0.41167,99.767,100.836,0.2667
highway,C-V2X Mode 4,50,16,0.41424,0.23110,0.42002,101.038,100.791,0.2667
highway,C-V2X Mode 4,50,17,0.35528,0.19067,0.40968,99.920,100.819,0.2667
highway,C-V2X Mode 4,50,18,0.44156,0.22655,0.41307,98.172,100.760,0.2667
highway,C-V2X Mode 4,50,19,0.39551,0.17812,0.41192,100.393,100.780,0.2667
highway,UDP,50,0,0.38143,0.38143,0.37189,9.931,9.156,0.2667
highway,UDP,50,1,0.36200,0.36200,0.37905,9.626,9.187,0.2667
highway,UDP,50,2,0.39168,0.39168,0.38208,11.634,9.386,0.2667
highway,UDP,50,3,0.38850,0.38850,0.37059,8.862,9.136,0.2667
highway,UDP,50,4,0.41968,0.41968,0.37216,7.649,9.055,0.2667
highway,UDP,50,5,0.38301,0.38301,0.36941,8.669,9.202,0.2667
highway,UDP,50,6,0.38020,0.38020,0.37634,9.885,9.204,0.2667
highway,UDP,50,7,0.40837,0.40837,0.36993,8.084,9.221,0.2667
highway,UDP,50,8,0.41725,0.41725,0.37015,10.390,9.292,0.2667
highway,UDP,50,9,0.36005,0.36005,0.37501,10.092,9.385,0.2667
highway,UDP,50,10,0.36933,0.36933,0.37381,9.820,9.157,0.2667
highway,UDP,50,11,0.37335,0.37335,0.38061,9.292,9.206,0.2667
highway,UDP,50,12,0.36451,0.36451,0.36462,7.678,9.252,0.2667
highway,UDP,50,13,0.34241,0.34241,0.36533,9.110,9.321,0.2667
highway,UDP,50,14,0.35368,0.35368,0.37531,7.667,9.210,0.2667
highway,UDP,50,15,0.37941,0.37941,0.37313,9.663,9.099,0.2667
highway,UDP,50,16,0.38808,0.38808,0.37816,8.165,9.259,0.2667
highway,UDP,50,17,0.34156,0.34156,0.36882,9.386,9.243,0.2667
highway,UDP,50,18,0.40404,0.40404,0.37424,7.765,9.268,0.2667
highway,UDP,50,19,0.38990,0.38990,0.37269,8.090,9.166,0.2667
highway,MQTT,50,0,0.37286,0.35286,0.33682,213.184,409.770,0.2667
highway,MQTT,50,1,0.33010,0.32039,0.34500,213.821,409.572,0.2667
highway,MQTT,50,2,0.35294,0.34577,0.34603,208.955,409.684,0.2667
highway,MQTT,50,3,0.35203,0.34783,0.33576,117.155,409.207,0.2667
highway,MQTT,50,4,0.35890,0.35022,0.33678,206.522,409.662,0.2667
highway,MQTT,50,5,0.34262,0.32869,0.33575,210.230,409.876,0.2667
highway,MQTT,50,6,0.35151,0.34290,0.34278,208.165,408.452,0.2667
highway,MQTT,50,7,0.37518,0.36797,0.33546,206.212,409.922,0.2667
highway,MQTT,50,8,0.35049,0.34075,0.33527,211.081,409.467,0.2667
highway,MQTT,50,9,0.31114,0.29620,0.34036,210.872,409.114,0.2667
highway,MQTT,50,10,0.33200,0.32267,0.34065,209.174,409.267,0.2667
highway,MQTT,50,11,0.34700,0.33968,0.34473,206.616,409.126,0.2667
highway,MQTT,50,12,0.32737,0.30949,0.33007,212.561,409.887,0.2667
highway,MQTT,50,13,0.29943,0.28940,0.33138,209.499,410.054,0.2667
highway,MQTT,50,14,0.30791,0.29958,0.34136,207.378,409.951,0.2667
highway,MQTT,50,15,0.35120,0.34133,0.33806,209.279,409.497,0.2667
highway,MQTT,50,16,0.36192,0.35320,0.34455,209.557,409.567,0.2667
highway,MQTT,50,17,0.31139,0.29904,0.33571,210.698,408.840,0.2667
highway,MQTT,50,18,0.35786,0.34776,0.33951,209.039,409.647,0.2667
highway,MQTT,50,19,0.35905,0.35203,0.33677,210.615,410.281,0.2667
highway,QDAP,75,0,0.43547,0.43547,0.40865,2.803,9.959,0.4000
highway,QDAP,75,1,0.46547,0.46547,0.40838,2.681,10.165,0.4000
highway,QDAP,75,2,0.42514,0.42514,0.41788,2.871,10.237,0.4000
highway,QDAP,75,3,0.44374,0.44374,0.40711,2.807,10.058,0.4000
highway,QDAP,75,4,0.45455,0.45455,0.40552,3.030,9.953,0.4000
highway,QDAP,75,5,0.46161,0.46161,0.40456,3.117,9.960,0.4000
highway,QDAP,75,6,0.46970,0.46970,0.40745,3.004,10.117,0.4000
highway,QDAP,75,7,0.44936,0.44936,0.40747,2.738,10.034,0.4000
highway,QDAP,75,8,0.44755,0.44755,0.40759,2.900,10.088,0.4000
highway,QDAP,75,9,0.46255,0.46255,0.40792,2.704,10.144,0.4000
highway,QDAP,75,10,0.41791,0.41791,0.41100,2.604,10.184,0.4000
highway,QDAP,75,11,0.46530,0.46530,0.41324,2.993,10.081,0.4000
highway,QDAP,75,12,0.42642,0.42642,0.40594,2.544,9.982,0.4000
highway,QDAP,75,13,0.42575,0.42575,0.41068,2.609,10.136,0.4000
highway,QDAP,75,14,0.42818,0.42818,0.40945,2.967,10.089,0.4000
highway,QDAP,75,15,0.46319,0.46319,0.40750,2.650,10.073,0.4000
highway,QDAP,75,16,0.49606,0.49606,0.41412,2.613,10.251,0.4000
highway,QDAP,75,17,0.42844,0.42844,0.40195,2.776,9.949,0.4000
highway,QDAP,75,18,0.43935,0.43935,0.40857,2.935,10.135,0.4000
highway,QDAP,75,19,0.44197,0.44197,0.40775,3.045,10.043,0.4000
highway,DSRC 802.11p,75,0,0.34912,0.34912,0.38813,2.101,2.490,0.4000
highway,DSRC 802.11p,75,1,0.34721,0.34721,0.38768,2.536,2.493,0.4000
highway,DSRC 802.11p,75,2,0.32810,0.32810,0.39798,3.286,2.517,0.4000
highway,DSRC 802.11p,75,3,0.35209,0.35209,0.38787,2.455,2.490,0.4000
highway,DSRC 802.11p,75,4,0.35474,0.35474,0.38560,2.333,2.496,0.4000
highway,DSRC 802.11p,75,5,0.35450,0.35450,0.38451,2.647,2.485,0.4000
highway,DSRC 802.11p,75,6,0.37689,0.37689,0.38680,2.292,2.495,0.4000
highway,DSRC 802.11p,75,7,0.33610,0.33610,0.38854,2.118,2.475,0.4000
highway,DSRC 802.11p,75,8,0.32820,0.32820,0.38729,2.415,2.484,0.4000
highway,DSRC 802.11p,75,9,0.36142,0.36142,0.38781,2.391,2.482,0.4000
highway,DSRC 802.11p,75,10,0.31623,0.31623,0.39057,2.722,2.485,0.4000
highway,DSRC 802.11p,75,11,0.35093,0.35093,0.39304,2.492,2.479,0.4000
highway,DSRC 802.11p,75,12,0.34131,0.34131,0.38592,2.215,2.501,0.4000
highway,DSRC 802.11p,75,13,0.33271,0.33271,0.38985,2.702,2.484,0.4000
highway,DSRC 802.11p,75,14,0.33028,0.33028,0.38948,2.768,2.489,0.4000
highway,DSRC 802.11p,75,15,0.35694,0.35694,0.38706,2.158,2.484,0.4000
highway,DSRC 802.11p,75,16,0.35897,0.35897,0.39444,2.089,2.501,0.4000
highway,DSRC 802.11p,75,17,0.31151,0.31151,0.38176,2.452,2.506,0.4000
highway,DSRC 802.11p,75,18,0.34412,0.34412,0.38735,2.449,2.510,0.4000
highway,DSRC 802.11p,75,19,0.33705,0.33705,0.38619,2.213,2.515,0.4000
highway,802.11bd,75,0,0.44754,0.44754,0.45769,1.414,1.493,0.4000
highway,802.11bd,75,1,0.47966,0.47966,0.45790,1.426,1.505,0.4000
highway,802.11bd,75,2,0.45194,0.45194,0.46833,1.494,1.499,0.4000
highway,802.11bd,75,3,0.45463,0.45463,0.45687,1.505,1.494,0.4000
highway,802.11bd,75,4,0.47628,0.47628,0.45531,1.489,1.509,0.4000
highway,802.11bd,75,5,0.47204,0.47204,0.45482,1.441,1.499,0.4000
highway,802.11bd,75,6,0.48295,0.48295,0.45796,1.543,1.512,0.4000
highway,802.11bd,75,7,0.45764,0.45764,0.45737,1.428,1.503,0.4000
highway,802.11bd,75,8,0.45525,0.45525,0.45786,1.546,1.503,0.4000
highway,802.11bd,75,9,0.47659,0.47659,0.45895,1.475,1.500,0.4000
highway,802.11bd,75,10,0.43004,0.43004,0.46097,1.613,1.501,0.4000
highway,802.11bd,75,11,0.47116,0.47116,0.46233,1.399,1.504,0.4000
highway,802.11bd,75,12,0.43883,0.43883,0.45537,1.542,1.503,0.4000
highway,802.11bd,75,13,0.45865,0.45865,0.46195,1.326,1.499,0.4000
highway,802.11bd,75,14,0.44373,0.44373,0.46016,1.364,1.497,0.4000
highway,802.11bd,75,15,0.47064,0.47064,0.45755,1.327,1.488,0.4000
highway,802.11bd,75,16,0.50592,0.50592,0.46476,1.453,1.507,0.4000
highway,802.11bd,75,17,0.44153,0.44153,0.45165,1.564,1.498,0.4000
highway,802.11bd,75,18,0.45553,0.45553,0.45850,1.398,1.510,0.4000
highway,802.11bd,75,19,0.46704,0.46704,0.45595,1.659,1.505,0.4000
highway,C-V2X Mode 4,75,0,0.42804,0.21448,0.41648,100.138,100.787,0.4000
highway,C-V2X Mode 4,75,1,0.42006,0.20719,0.41673,99.858,100.804,0.4000
highway,C-V2X Mode 4,75,2,0.41774,0.20055,0.42593,100.170,100.759,0.4000
highway,C-V2X Mode 4,75,3,0.42015,0.20690,0.41456,99.543,100.758,0.4000
highway,C-V2X Mode 4,75,4,0.42095,0.22332,0.41338,100.239,100.801,0.4000
highway,C-V2X Mode 4,75,5,0.43507,0.20948,0.41297,100.456,100.787,0.4000
highway,C-V2X Mode 4,75,6,0.43845,0.19602,0.41593,100.675,100.768,0.4000
highway,C-V2X Mode 4,75,7,0.41621,0.20902,0.41629,99.734,100.821,0.4000
highway,C-V2X Mode 4,75,8,0.42156,0.19538,0.41646,100.817,100.811,0.4000
highway,C-V2X Mode 4,75,9,0.44007,0.20693,0.41624,99.819,100.747,0.4000
highway,C-V2X Mode 4,75,10,0.38806,0.19963,0.41898,100.047,100.788,0.4000
highway,C-V2X Mode 4,75,11,0.43011,0.21799,0.42090,100.390,100.809,0.4000
highway,C-V2X Mode 4,75,12,0.41223,0.19060,0.41390,100.073,100.787,0.4000
highway,C-V2X Mode 4,75,13,0.40508,0.19549,0.41942,101.575,100.804,0.4000
highway,C-V2X Mode 4,75,14,0.40805,0.18756,0.41735,100.272,100.796,0.4000
highway,C-V2X Mode 4,75,15,0.42870,0.21901,0.41603,100.048,100.842,0.4000
highway,C-V2X Mode 4,75,16,0.46351,0.21302,0.42206,101.150,100.772,0.4000
highway,C-V2X Mode 4,75,17,0.40599,0.18428,0.41054,100.975,100.778,0.4000
highway,C-V2X Mode 4,75,18,0.42498,0.20665,0.41660,99.883,100.801,0.4000
highway,C-V2X Mode 4,75,19,0.41411,0.19777,0.41469,100.080,100.823,0.4000
highway,UDP,75,0,0.39833,0.39833,0.38480,8.993,9.210,0.4000
highway,UDP,75,1,0.40492,0.40492,0.38459,8.321,9.213,0.4000
highway,UDP,75,2,0.37523,0.37523,0.39407,8.560,9.247,0.4000
highway,UDP,75,3,0.41198,0.41198,0.38374,8.944,9.248,0.4000
highway,UDP,75,4,0.41206,0.41206,0.38179,7.396,9.203,0.4000
highway,UDP,75,5,0.40474,0.40474,0.38196,11.150,9.166,0.4000
highway,UDP,75,6,0.42614,0.42614,0.38294,10.652,9.167,0.4000
highway,UDP,75,7,0.39503,0.39503,0.38469,7.789,9.242,0.4000
highway,UDP,75,8,0.38980,0.38980,0.38375,11.397,9.186,0.4000
highway,UDP,75,9,0.43820,0.43820,0.38464,8.924,9.242,0.4000
highway,UDP,75,10,0.38899,0.38899,0.38783,8.978,9.135,0.4000
highway,UDP,75,11,0.39296,0.39296,0.38971,9.324,9.166,0.4000
highway,UDP,75,12,0.39628,0.39628,0.38227,9.946,9.259,0.4000
highway,UDP,75,13,0.38534,0.38534,0.38644,11.358,9.160,0.4000
highway,UDP,75,14,0.38975,0.38975,0.38589,8.692,9.110,0.4000
highway,UDP,75,15,0.41193,0.41193,0.38321,7.853,9.141,0.4000
highway,UDP,75,16,0.43984,0.43984,0.38989,9.054,9.259,0.4000
highway,UDP,75,17,0.38541,0.38541,0.37888,7.514,9.205,0.4000
highway,UDP,75,18,0.41509,0.41509,0.38490,7.988,9.195,0.4000
highway,UDP,75,19,0.38719,0.38719,0.38354,7.747,9.256,0.4000
highway,MQTT,75,0,0.36026,0.34726,0.34972,218.191,410.260,0.4000
highway,MQTT,75,1,0.37181,0.35762,0.35032,220.136,410.749,0.4000
highway,MQTT,75,2,0.36044,0.35490,0.35892,207.380,410.554,0.4000
highway,MQTT,75,3,0.37205,0.36298,0.34990,211.255,410.292,0.4000
highway,MQTT,75,4,0.36957,0.35474,0.34736,212.155,410.822,0.4000
highway,MQTT,75,5,0.36303,0.35166,0.34625,210.247,410.621,0.4000
highway,MQTT,75,6,0.37689,0.35985,0.34830,215.999,411.239,0.4000
highway,MQTT,75,7,0.36372,0.35543,0.35049,206.942,410.729,0.4000
highway,MQTT,75,8,0.34552,0.33975,0.34894,206.177,410.526,0.4000
highway,MQTT,75,9,0.39981,0.39045,0.34935,212.003,410.450,0.4000
highway,MQTT,75,10,0.36101,0.34328,0.35219,218.005,410.157,0.4000
highway,MQTT,75,11,0.36657,0.35484,0.35523,214.295,410.244,0.4000
highway,MQTT,75,12,0.36348,0.35461,0.34872,209.800,410.282,0.4000
highway,MQTT,75,13,0.36466,0.34774,0.35228,212.412,411.236,0.4000
highway,MQTT,75,14,0.35316,0.34584,0.35204,207.964,410.482,0.4000
highway,MQTT,75,15,0.38397,0.37279,0.35009,210.571,410.502,0.4000
highway,MQTT,75,16,0.39546,0.38856,0.35597,206.693,410.915,0.4000
highway,MQTT,75,17,0.34238,0.32834,0.34454,211.568,411.159,0.4000
highway,MQTT,75,18,0.35580,0.34412,0.35078,210.050,411.299,0.4000
highway,MQTT,75,19,0.36119,0.34819,0.34984,213.464,410.867,0.4000
highway,QDAP,100,0,0.42422,0.42422,0.41373,2.619,10.110,0.5333
highway,QDAP,100,1,0.45186,0.45186,0.41483,2.882,10.278,0.5333
highway,QDAP,100,2,0.42305,0.42305,0.42010,3.125,10.509,0.5333
highway,QDAP,100,3,0.44071,0.44071,0.41287,2.716,10.276,0.5333
highway,QDAP,100,4,0.44513,0.44513,0.41297,3.021,10.297,0.5333
highway,QDAP,100,5,0.43863,0.43863,0.41285,3.207,10.271,0.5333
highway,QDAP,100,6,0.43960,0.43960,0.41572,2.613,10.368,0.5333
highway,QDAP,100,7,0.44895,0.44895,0.41364,2.582,10.332,0.5333
highway,QDAP,100,8,0.46148,0.46148,0.41558,2.501,10.345,0.5333
highway,QDAP,100,9,0.44798,0.44798,0.41391,3.026,10.322,0.5333
highway,QDAP,100,10,0.44605,0.44605,0.41552,2.661,10.431,0.5333
highway,QDAP,100,11,0.43545,0.43545,0.41683,2.571,10.414,0.5333
highway,QDAP,100,12,0.46091,0.46091,0.41079,2.939,10.260,0.5333
highway,QDAP,100,13,0.40991,0.40991,0.41545,2.933,10.351,0.5333
highway,QDAP,100,14,0.40593,0.40593,0.41672,2.779,10.415,0.5333
highway,QDAP,100,15,0.43161,0.43161,0.41579,2.817,10.302,0.5333
highway,QDAP,100,16,0.43797,0.43797,0.41892,2.643,10.457,0.5333
highway,QDAP,100,17,0.44444,0.44444,0.40930,2.586,10.185,0.5333
highway,QDAP,100,18,0.45703,0.45703,0.41012,3.083,10.259,0.5333
highway,QDAP,100,19,0.44444,0.44444,0.41267,3.101,10.329,0.5333
highway,DSRC 802.11p,100,0,0.31872,0.31872,0.38797,2.338,2.495,0.5333
highway,DSRC 802.11p,100,1,0.33310,0.33310,0.38836,2.375,2.508,0.5333
highway,DSRC 802.11p,100,2,0.32271,0.32271,0.39367,2.782,2.499,0.5333
highway,DSRC 802.11p,100,3,0.32077,0.32077,0.38653,2.696,2.490,0.5333
highway,DSRC 802.11p,100,4,0.31746,0.31746,0.38723,2.330,2.520,0.5333
highway,DSRC 802.11p,100,5,0.33403,0.33403,0.38645,2.522,2.511,0.5333
highway,DSRC 802.11p,100,6,0.31947,0.31947,0.38960,2.242,2.511,0.5333
highway,DSRC 802.11p,100,7,0.33333,0.33333,0.38717,2.603,2.504,0.5333
highway,DSRC 802.11p,100,8,0.34134,0.34134,0.38960,2.312,2.526,0.5333
highway,DSRC 802.11p,100,9,0.31847,0.31847,0.38757,2.206,2.510,0.5333
highway,DSRC 802.11p,100,10,0.34570,0.34570,0.38886,2.166,2.507,0.5333
highway,DSRC 802.11p,100,11,0.31612,0.31612,0.39055,2.510,2.519,0.5333
highway,DSRC 802.11p,100,12,0.34431,0.34431,0.38414,2.421,2.508,0.5333
highway,DSRC 802.11p,100,13,0.30208,0.30208,0.38961,2.705,2.518,0.5333
highway,DSRC 802.11p,100,14,0.29635,0.29635,0.38976,2.309,2.498,0.5333
highway,DSRC 802.11p,100,15,0.32176,0.32176,0.38980,2.232,2.505,0.5333
highway,DSRC 802.11p,100,16,0.32475,0.32475,0.39181,2.670,2.492,0.5333
highway,DSRC 802.11p,100,17,0.33130,0.33130,0.38271,2.355,2.520,0.5333
highway,DSRC 802.11p,100,18,0.34311,0.34311,0.38432,2.725,2.490,0.5333
highway,DSRC 802.11p,100,19,0.34312,0.34312,0.38659,2.383,2.513,0.5333
highway,802.11bd,100,0,0.44651,0.44651,0.45792,1.413,1.514,0.5333
highway,802.11bd,100,1,0.43359,0.43359,0.45923,1.666,1.522,0.5333
highway,802.11bd,100,2,0.42915,0.42915,0.46452,1.460,1.514,0.5333
highway,802.11bd,100,3,0.44688,0.44688,0.45706,1.495,1.505,0.5333
highway,802.11bd,100,4,0.43340,0.43340,0.45729,1.319,1.521,0.5333
highway,802.11bd,100,5,0.45397,0.45397,0.45671,1.367,1.508,0.5333
highway,802.11bd,100,6,0.44488,0.44488,0.46023,1.474,1.510,0.5333
highway,802.11bd,100,7,0.45301,0.45301,0.45792,1.378,1.503,0.5333
highway,802.11bd,100,8,0.46219,0.46219,0.46088,1.385,1.505,0.5333
highway,802.11bd,100,9,0.44232,0.44232,0.45765,1.273,1.514,0.5333
highway,802.11bd,100,10,0.45017,0.45017,0.45945,1.588,1.508,0.5333
highway,802.11bd,100,11,0.44731,0.44731,0.46198,1.505,1.510,0.5333
highway,802.11bd,100,12,0.46022,0.46022,0.45492,1.509,1.509,0.5333
highway,802.11bd,100,13,0.41996,0.41996,0.46046,1.239,1.511,0.5333
highway,802.11bd,100,14,0.42522,0.42522,0.46006,1.512,1.508,0.5333
highway,802.11bd,100,15,0.42594,0.42594,0.46093,1.420,1.514,0.5333
highway,802.11bd,100,16,0.44136,0.44136,0.46336,1.540,1.517,0.5333
highway,802.11bd,100,17,0.44444,0.44444,0.45216,1.512,1.506,0.5333
highway,802.11bd,100,18,0.44816,0.44816,0.45550,1.408,1.516,0.5333
highway,802.11bd,100,19,0.46191,0.46191,0.45796,1.409,1.507,0.5333
highway,C-V2X Mode 4,100,0,0.37741,0.16865,0.41523,100.803,100.844,0.5333
highway,C-V2X Mode 4,100,1,0.41813,0.19817,0.41564,100.776,100.781,0.5333
highway,C-V2X Mode 4,100,2,0.39525,0.18780,0.42049,100.441,100.794,0.5333
highway,C-V2X Mode 4,100,3,0.40713,0.20082,0.41352,100.302,100.806,0.5333
highway,C-V2X Mode 4,100,4,0.40856,0.20911,0.41359,99.807,100.810,0.5333
highway,C-V2X Mode 4,100,5,0.40725,0.19665,0.41349,100.656,100.769,0.5333
highway,C-V2X Mode 4,100,6,0.41518,0.20462,0.41659,99.791,100.760,0.5333
highway,C-V2X Mode 4,100,7,0.41447,0.20284,0.41424,100.088,100.794,0.5333
highway,C-V2X Mode 4,100,8,0.40848,0.19859,0.41721,100.111,100.811,0.5333
highway,C-V2X Mode 4,100,9,0.41543,0.21302,0.41473,100.753,100.815,0.5333
highway,C-V2X Mode 4,100,10,0.42474,0.21100,0.41614,100.895,100.804,0.5333
highway,C-V2X Mode 4,100,11,0.39358,0.18283,0.41827,100.574,100.829,0.5333
highway,C-V2X Mode 4,100,12,0.42318,0.20508,0.41173,100.907,100.812,0.5333
highway,C-V2X Mode 4,100,13,0.37040,0.18285,0.41655,101.462,100.807,0.5333
highway,C-V2X Mode 4,100,14,0.37698,0.17988,0.41736,101.159,100.782,0.5333
highway,C-V2X Mode 4,100,15,0.39121,0.18072,0.41668,100.357,100.779,0.5333
highway,C-V2X Mode 4,100,16,0.41559,0.18508,0.41953,100.808,100.789,0.5333
highway,C-V2X Mode 4,100,17,0.39024,0.19106,0.41010,100.609,100.792,0.5333
highway,C-V2X Mode 4,100,18,0.40587,0.20055,0.41150,100.220,100.799,0.5333
highway,C-V2X Mode 4,100,19,0.41090,0.20126,0.41405,100.691,100.793,0.5333
highway,UDP,100,0,0.38484,0.38484,0.39085,8.081,9.172,0.5333
highway,UDP,100,1,0.39775,0.39775,0.39095,10.775,9.227,0.5333
highway,UDP,100,2,0.39458,0.39458,0.39627,8.512,9.223,0.5333
highway,UDP,100,3,0.39890,0.39890,0.38966,8.974,9.227,0.5333
highway,UDP,100,4,0.38371,0.38371,0.38962,10.011,9.231,0.5333
highway,UDP,100,5,0.38982,0.38982,0.38930,8.738,9.261,0.5333
highway,UDP,100,6,0.39472,0.39472,0.39191,8.515,9.241,0.5333
highway,UDP,100,7,0.40636,0.40636,0.39097,8.161,9.241,0.5333
highway,UDP,100,8,0.41272,0.41272,0.39175,9.219,9.187,0.5333
highway,UDP,100,9,0.39420,0.39420,0.38980,9.172,9.208,0.5333
highway,UDP,100,10,0.40412,0.40412,0.39201,9.004,9.232,0.5333
highway,UDP,100,11,0.39777,0.39777,0.39392,8.657,9.229,0.5333
highway,UDP,100,12,0.40261,0.40261,0.38756,8.430,9.189,0.5333
highway,UDP,100,13,0.35633,0.35633,0.39190,8.975,9.210,0.5333
highway,UDP,100,14,0.36733,0.36733,0.39294,7.547,9.272,0.5333
highway,UDP,100,15,0.37916,0.37916,0.39236,9.653,9.184,0.5333
highway,UDP,100,16,0.38441,0.38441,0.39508,7.561,9.223,0.5333
highway,UDP,100,17,0.38550,0.38550,0.38575,9.336,9.159,0.5333
highway,UDP,100,18,0.40859,0.40859,0.38726,9.078,9.256,0.5333
highway,UDP,100,19,0.41160,0.41160,0.38920,8.229,9.170,0.5333
highway,MQTT,100,0,0.33581,0.32169,0.35701,215.434,412.142,0.5333
highway,MQTT,100,1,0.34996,0.31975,0.35704,212.315,412.618,0.5333
highway,MQTT,100,2,0.36678,0.33356,0.36177,221.833,412.211,0.5333
highway,MQTT,100,3,0.36121,0.34270,0.35599,212.910,412.821,0.5333
highway,MQTT,100,4,0.35128,0.32160,0.35534,212.801,412.295,0.5333
highway,MQTT,100,5,0.37238,0.33264,0.35510,219.517,412.465,0.5333
highway,MQTT,100,6,0.34719,0.31419,0.35745,220.603,412.835,0.5333
highway,MQTT,100,7,0.35970,0.33874,0.35640,212.536,412.468,0.5333
highway,MQTT,100,8,0.37314,0.35972,0.35805,213.502,412.082,0.5333
highway,MQTT,100,9,0.34607,0.32767,0.35518,209.368,412.642,0.5333
highway,MQTT,100,10,0.35945,0.32165,0.35744,219.558,412.977,0.5333
highway,MQTT,100,11,0.35869,0.32519,0.35890,224.257,412.631,0.5333
highway,MQTT,100,12,0.36831,0.33745,0.35372,216.022,412.485,0.5333
highway,MQTT,100,13,0.33423,0.29605,0.35771,223.832,412.874,0.5333
highway,MQTT,100,14,0.32254,0.29359,0.35853,213.832,412.843,0.5333
highway,MQTT,100,15,0.33310,0.31325,0.35768,218.918,412.452,0.5333
highway,MQTT,100,16,0.35729,0.32475,0.36004,217.003,412.382,0.5333
highway,MQTT,100,17,0.36382,0.32588,0.35156,225.654,413.243,0.5333
highway,MQTT,100,18,0.37381,0.33970,0.35258,219.064,412.840,0.5333
highway,MQTT,100,19,0.36338,0.34871,0.35566,216.011,412.505,0.5333
cascade,QDAP,25,0,0.45825,0.45825,0.37968,2.559,9.427,0.1333
cascade,QDAP,25,1,0.46308,0.46308,0.37962,2.740,9.516,0.1333
cascade,QDAP,25,2,0.49660,0.49660,0.38948,2.637,9.782,0.1333
cascade,QDAP,25,3,0.46327,0.46327,0.37517,2.985,9.584,0.1333
cascade,QDAP,25,4,0.48129,0.48129,0.37517,3.142,9.485,0.1333
cascade,QDAP,25,5,0.52577,0.52577,0.37231,3.103,9.345,0.1333
cascade,QDAP,25,6,0.41130,0.41130,0.38533,2.769,9.615,0.1333
cascade,QDAP,25,7,0.49626,0.49626,0.36265,3.007,8.953,0.1333
cascade,QDAP,25,8,0.49166,0.49166,0.38587,3.091,9.562,0.1333
cascade,QDAP,25,9,0.47935,0.47935,0.38292,2.898,9.576,0.1333
cascade,QDAP,25,10,0.46554,0.46554,0.36588,2.764,9.582,0.1333
cascade,QDAP,25,11,0.45882,0.45882,0.38470,2.770,9.639,0.1333
cascade,QDAP,25,12,0.47423,0.47423,0.37509,2.712,9.442,0.1333
cascade,QDAP,25,13,0.47327,0.47327,0.37354,2.958,9.569,0.1333
cascade,QDAP,25,14,0.49400,0.49400,0.37530,2.838,9.491,0.1333
cascade,QDAP,25,15,0.48562,0.48562,0.37942,2.734,9.625,0.1333
cascade,QDAP,25,16,0.48912,0.48912,0.38620,2.669,9.506,0.1333
cascade,QDAP,25,17,0.48108,0.48108,0.37812,2.653,9.534,0.1333
cascade,QDAP,25,18,0.49877,0.49877,0.37558,2.744,9.196,0.1333
cascade,QDAP,25,19,0.49373,0.49373,0.37586,2.768,9.453,0.1333
cascade,DSRC 802.11p,25,0,0.37275,0.37275,0.36133,2.454,2.451,0.1333
cascade,DSRC 802.11p,25,1,0.37824,0.37824,0.36482,2.253,2.475,0.1333
cascade,DSRC 802.11p,25,2,0.41373,0.41373,0.37113,2.440,2.497,0.1333
cascade,DSRC 802.11p,25,3,0.37564,0.37564,0.35702,2.688,2.537,0.1333
cascade,DSRC 802.11p,25,4,0.38083,0.38083,0.36061,2.521,2.434,0.1333
cascade,DSRC 802.11p,25,5,0.40206,0.40206,0.35515,2.349,2.505,0.1333
cascade,DSRC 802.11p,25,6,0.32292,0.32292,0.36669,2.425,2.464,0.1333
cascade,DSRC 802.11p,25,7,0.39464,0.39464,0.34567,2.224,2.425,0.1333
cascade,DSRC 802.11p,25,8,0.39281,0.39281,0.36619,2.480,2.471,0.1333
cascade,DSRC 802.11p,25,9,0.39201,0.39201,0.37096,2.599,2.492,0.1333
cascade,DSRC 802.11p,25,10,0.36476,0.36476,0.35045,2.439,2.428,0.1333
cascade,DSRC 802.11p,25,11,0.36993,0.36993,0.36903,2.231,2.429,0.1333
cascade,DSRC 802.11p,25,12,0.37371,0.37371,0.36021,3.150,2.440,0.1333
cascade,DSRC 802.11p,25,13,0.38218,0.38218,0.36093,2.483,2.474,0.1333
cascade,DSRC 802.11p,25,14,0.39040,0.39040,0.35860,2.499,2.430,0.1333
cascade,DSRC 802.11p,25,15,0.37860,0.37860,0.36459,2.851,2.484,0.1333
cascade,DSRC 802.11p,25,16,0.39437,0.39437,0.36827,2.828,2.520,0.1333
cascade,DSRC 802.11p,25,17,0.38743,0.38743,0.35917,2.723,2.479,0.1333
cascade,DSRC 802.11p,25,18,0.40000,0.40000,0.35628,2.378,2.530,0.1333
cascade,DSRC 802.11p,25,19,0.39208,0.39208,0.35812,2.606,2.466,0.1333
cascade,802.11bd,25,0,0.49098,0.49098,0.44270,1.309,1.452,0.1333
cascade,802.11bd,25,1,0.49870,0.49870,0.44304,1.438,1.517,0.1333
cascade,802.11bd,25,2,0.51330,0.51330,0.45076,1.486,1.474,0.1333
cascade,802.11bd,25,3,0.50064,0.50064,0.43492,1.605,1.489,0.1333
cascade,802.11bd,25,4,0.50164,0.50164,0.43439,1.458,1.484,0.1333
cascade,802.11bd,25,5,0.54253,0.54253,0.43525,1.475,1.488,0.1333
cascade,802.11bd,25,6,0.43389,0.43389,0.45016,1.784,1.482,0.1333
cascade,802.11bd,25,7,0.50561,0.50561,0.42428,1.395,1.493,0.1333
cascade,802.11bd,25,8,0.51091,0.51091,0.44670,1.392,1.524,0.1333
cascade,802.11bd,25,9,0.49763,0.49763,0.44915,1.567,1.462,0.1333
cascade,802.11bd,25,10,0.47984,0.47984,0.42789,1.318,1.492,0.1333
cascade,802.11bd,25,11,0.47712,0.47712,0.44597,1.315,1.476,0.1333
cascade,802.11bd,25,12,0.50580,0.50580,0.43548,1.392,1.483,0.1333
cascade,802.11bd,25,13,0.50033,0.50033,0.43751,1.485,1.500,0.1333
cascade,802.11bd,25,14,0.50790,0.50790,0.43945,1.429,1.473,0.1333
cascade,802.11bd,25,15,0.50167,0.50167,0.44404,1.436,1.445,0.1333
cascade,802.11bd,25,16,0.49936,0.49936,0.44700,1.419,1.459,0.1333
cascade,802.11bd,25,17,0.49711,0.49711,0.43617,1.452,1.487,0.1333
cascade,802.11bd,25,18,0.51963,0.51963,0.43505,1.699,1.507,0.1333
cascade,802.11bd,25,19,0.51881,0.51881,0.43801,1.359,1.522,0.1333
cascade,C-V2X Mode 4,25,0,0.45157,0.23914,0.40859,100.357,100.751,0.1333
cascade,C-V2X Mode 4,25,1,0.44365,0.22733,0.40845,100.184,100.714,0.1333
cascade,C-V2X Mode 4,25,2,0.47990,0.23933,0.41704,100.519,100.705,0.1333
cascade,C-V2X Mode 4,25,3,0.46714,0.22680,0.39944,100.001,100.855,0.1333
cascade,C-V2X Mode 4,25,4,0.47472,0.24819,0.40062,100.651,100.794,0.1333
cascade,C-V2X Mode 4,25,5,0.50966,0.24291,0.40039,100.604,100.833,0.1333
cascade,C-V2X Mode 4,25,6,0.40332,0.20399,0.41053,100.050,100.660,0.1333
cascade,C-V2X Mode 4,25,7,0.49314,0.22382,0.38647,99.907,100.764,0.1333
cascade,C-V2X Mode 4,25,8,0.48331,0.24262,0.41247,100.887,100.806,0.1333
cascade,C-V2X Mode 4,25,9,0.46581,0.21801,0.41153,100.226,100.747,0.1333
cascade,C-V2X Mode 4,25,10,0.46164,0.21001,0.39414,100.976,100.832,0.1333
cascade,C-V2X Mode 4,25,11,0.44967,0.21895,0.41261,100.059,100.781,0.1333
cascade,C-V2X Mode 4,25,12,0.47358,0.22680,0.40297,100.897,100.752,0.1333
cascade,C-V2X Mode 4,25,13,0.47855,0.23366,0.40111,100.968,100.897,0.1333
cascade,C-V2X Mode 4,25,14,0.48515,0.22489,0.40194,101.049,100.904,0.1333
cascade,C-V2X Mode 4,25,15,0.49565,0.24147,0.40773,100.346,100.770,0.1333
cascade,C-V2X Mode 4,25,16,0.47183,0.22727,0.41130,100.316,100.773,0.1333
cascade,C-V2X Mode 4,25,17,0.46761,0.22835,0.40136,100.088,100.911,0.1333
cascade,C-V2X Mode 4,25,18,0.49509,0.24479,0.40437,100.357,100.812,0.1333
cascade,C-V2X Mode 4,25,19,0.48449,0.23696,0.40111,101.130,100.912,0.1333
cascade,UDP,25,0,0.42485,0.42485,0.34987,7.862,9.006,0.1333
cascade,UDP,25,1,0.42098,0.42098,0.35225,9.437,9.284,0.1333
cascade,UDP,25,2,0.45764,0.45764,0.36180,9.104,9.090,0.1333
cascade,UDP,25,3,0.44137,0.44137,0.34406,9.735,9.038,0.1333
cascade,UDP,25,4,0.44714,0.44714,0.34794,9.991,9.491,0.1333
cascade,UDP,25,5,0.48196,0.48196,0.34283,8.764,9.169,0.1333
cascade,UDP,25,6,0.37276,0.37276,0.35533,10.045,9.231,0.1333
cascade,UDP,25,7,0.46072,0.46072,0.33489,9.121,9.127,0.1333
cascade,UDP,25,8,0.45828,0.45828,0.35312,8.774,9.124,0.1333
cascade,UDP,25,9,0.44550,0.44550,0.35714,9.027,9.465,0.1333
cascade,UDP,25,10,0.43108,0.43108,0.34042,7.452,9.384,0.1333
cascade,UDP,25,11,0.41699,0.41699,0.35854,10.894,9.191,0.1333
cascade,UDP,25,12,0.43750,0.43750,0.34906,8.211,9.226,0.1333
cascade,UDP,25,13,0.44752,0.44752,0.34962,9.686,9.268,0.1333
cascade,UDP,25,14,0.45925,0.45925,0.34851,7.719,9.309,0.1333
cascade,UDP,25,15,0.44615,0.44615,0.35186,9.003,9.304,0.1333
cascade,UDP,25,16,0.45327,0.45327,0.35661,9.011,9.136,0.1333
cascade,UDP,25,17,0.43874,0.43874,0.35020,9.813,9.044,0.1333
cascade,UDP,25,18,0.46012,0.46012,0.35094,8.471,9.108,0.1333
cascade,UDP,25,19,0.45347,0.45347,0.34668,9.277,9.307,0.1333
cascade,MQTT,25,0,0.39078,0.38277,0.31083,207.211,409.200,0.1333
cascade,MQTT,25,1,0.40155,0.39249,0.31394,207.331,409.490,0.1333
cascade,MQTT,25,2,0.41682,0.40940,0.31929,207.256,408.644,0.1333
cascade,MQTT,25,3,0.40271,0.39433,0.30594,206.614,408.316,0.1333
cascade,MQTT,25,4,0.42351,0.41234,0.30923,207.738,408.312,0.1333
cascade,MQTT,25,5,0.43363,0.42332,0.30160,206.795,409.092,0.1333
cascade,MQTT,25,6,0.34086,0.33422,0.31570,207.276,408.248,0.1333
cascade,MQTT,25,7,0.42519,0.41272,0.29539,207.720,408.724,0.1333
cascade,MQTT,25,8,0.43004,0.42169,0.31306,206.380,408.301,0.1333
cascade,MQTT,25,9,0.42519,0.41774,0.31629,206.087,408.561,0.1333
cascade,MQTT,25,10,0.39662,0.38882,0.30028,207.433,408.648,0.1333
cascade,MQTT,25,11,0.38954,0.38170,0.31635,207.111,408.956,0.1333
cascade,MQTT,25,12,0.40399,0.39497,0.31053,207.026,408.116,0.1333
cascade,MQTT,25,13,0.41980,0.40594,0.31159,206.741,408.634,0.1333
cascade,MQTT,25,14,0.41819,0.41061,0.30595,207.325,408.581,0.1333
cascade,MQTT,25,15,0.40803,0.39465,0.31190,207.186,409.125,0.1333
cascade,MQTT,25,16,0.41613,0.40205,0.31656,207.532,408.684,0.1333
cascade,MQTT,25,17,0.41693,0.40411,0.31086,207.466,408.435,0.1333
cascade,MQTT,25,18,0.43067,0.42025,0.30900,207.240,408.273,0.1333
cascade,MQTT,25,19,0.43564,0.42970,0.30634,206.320,408.194,0.1333
cascade,QDAP,50,0,0.50348,0.50348,0.39771,2.813,9.707,0.2667
cascade,QDAP,50,1,0.49901,0.49901,0.40456,2.932,9.889,0.2667
cascade,QDAP,50,2,0.49145,0.49145,0.40485,2.780,9.880,0.2667
cascade,QDAP,50,3,0.51538,0.51538,0.39642,2.837,9.702,0.2667
cascade,QDAP,50,4,0.47930,0.47930,0.39872,3.120,9.689,0.2667
cascade,QDAP,50,5,0.48475,0.48475,0.39469,2.776,9.676,0.2667
cascade,QDAP,50,6,0.49429,0.49429,0.40153,3.005,9.813,0.2667
cascade,QDAP,50,7,0.49807,0.49807,0.39612,2.483,9.619,0.2667
cascade,QDAP,50,8,0.49524,0.49524,0.39261,2.684,9.745,0.2667
cascade,QDAP,50,9,0.49952,0.49952,0.40019,2.877,9.887,0.2667
cascade,QDAP,50,10,0.48021,0.48021,0.39861,2.666,9.849,0.2667
cascade,QDAP,50,11,0.48588,0.48588,0.40255,2.683,9.860,0.2667
cascade,QDAP,50,12,0.50147,0.50147,0.38925,2.720,9.565,0.2667
cascade,QDAP,50,13,0.44608,0.44608,0.39160,3.007,9.663,0.2667
cascade,QDAP,50,14,0.50099,0.50099,0.40043,2.746,9.878,0.2667
cascade,QDAP,50,15,0.49313,0.49313,0.39678,2.861,9.687,0.2667
cascade,QDAP,50,16,0.50113,0.50113,0.40694,2.897,9.921,0.2667
cascade,QDAP,50,17,0.51014,0.51014,0.39548,2.745,9.774,0.2667
cascade,QDAP,50,18,0.50540,0.50540,0.39955,2.773,9.731,0.2667
cascade,QDAP,50,19,0.48206,0.48206,0.39674,2.862,9.714,0.2667
cascade,DSRC 802.11p,50,0,0.40742,0.40742,0.38229,2.349,2.470,0.2667
cascade,DSRC 802.11p,50,1,0.39697,0.39697,0.38883,2.682,2.486,0.2667
cascade,DSRC 802.11p,50,2,0.38659,0.38659,0.38959,2.866,2.488,0.2667
cascade,DSRC 802.11p,50,3,0.40723,0.40723,0.37984,2.482,2.467,0.2667
cascade,DSRC 802.11p,50,4,0.39448,0.39448,0.38089,2.425,2.483,0.2667
cascade,DSRC 802.11p,50,5,0.38760,0.38760,0.37966,2.325,2.501,0.2667
cascade,DSRC 802.11p,50,6,0.39354,0.39354,0.38709,2.507,2.453,0.2667
cascade,DSRC 802.11p,50,7,0.39897,0.39897,0.38163,2.720,2.481,0.2667
cascade,DSRC 802.11p,50,8,0.38924,0.38924,0.37852,2.258,2.518,0.2667
cascade,DSRC 802.11p,50,9,0.39690,0.39690,0.38315,2.334,2.475,0.2667
cascade,DSRC 802.11p,50,10,0.38338,0.38338,0.38319,2.529,2.484,0.2667
cascade,DSRC 802.11p,50,11,0.38883,0.38883,0.38827,2.721,2.452,0.2667
cascade,DSRC 802.11p,50,12,0.39492,0.39492,0.37403,2.490,2.471,0.2667
cascade,DSRC 802.11p,50,13,0.35008,0.35008,0.37631,2.648,2.510,0.2667
cascade,DSRC 802.11p,50,14,0.39152,0.39152,0.38619,2.583,2.492,0.2667
cascade,DSRC 802.11p,50,15,0.38358,0.38358,0.38198,2.462,2.487,0.2667
cascade,DSRC 802.11p,50,16,0.40142,0.40142,0.39013,2.563,2.486,0.2667
cascade,DSRC 802.11p,50,17,0.40548,0.40548,0.38025,2.477,2.497,0.2667
cascade,DSRC 802.11p,50,18,0.40216,0.40216,0.38399,2.345,2.494,0.2667
cascade,DSRC 802.11p,50,19,0.37170,0.37170,0.38097,2.513,2.473,0.2667
cascade,802.11bd,50,0,0.52037,0.52037,0.45267,1.505,1.489,0.2667
cascade,802.11bd,50,1,0.51975,0.51975,0.46025,1.533,1.494,0.2667
cascade,802.11bd,50,2,0.51151,0.51151,0.46111,1.491,1.485,0.2667
cascade,802.11bd,50,3,0.52046,0.52046,0.45072,1.474,1.486,0.2667
cascade,802.11bd,50,4,0.51330,0.51330,0.45437,1.401,1.494,0.2667
cascade,802.11bd,50,5,0.50265,0.50265,0.44830,1.443,1.496,0.2667
cascade,802.11bd,50,6,0.51679,0.51679,0.45801,1.359,1.489,0.2667
cascade,802.11bd,50,7,0.50901,0.50901,0.45036,1.523,1.485,0.2667
cascade,802.11bd,50,8,0.50968,0.50968,0.44882,1.391,1.493,0.2667
cascade,802.11bd,50,9,0.51468,0.51468,0.45407,1.529,1.508,0.2667
cascade,802.11bd,50,10,0.49984,0.49984,0.45374,1.422,1.487,0.2667
cascade,802.11bd,50,11,0.50600,0.50600,0.45769,1.374,1.483,0.2667
cascade,802.11bd,50,12,0.51320,0.51320,0.44443,1.416,1.491,0.2667
cascade,802.11bd,50,13,0.46112,0.46112,0.44734,1.495,1.492,0.2667
cascade,802.11bd,50,14,0.50460,0.50460,0.45669,1.537,1.501,0.2667
cascade,802.11bd,50,15,0.50854,0.50854,0.45081,1.510,1.500,0.2667
cascade,802.11bd,50,16,0.51894,0.51894,0.46172,1.482,1.513,0.2667
cascade,802.11bd,50,17,0.53462,0.53462,0.45052,1.512,1.502,0.2667
cascade,802.11bd,50,18,0.52382,0.52382,0.45363,1.465,1.501,0.2667
cascade,802.11bd,50,19,0.49221,0.49221,0.45142,1.559,1.484,0.2667
cascade,C-V2X Mode 4,50,0,0.48427,0.24578,0.41438,100.346,100.786,0.2667
cascade,C-V2X Mode 4,50,1,0.48683,0.23700,0.42135,100.582,100.803,0.2667
cascade,C-V2X Mode 4,50,2,0.47567,0.24096,0.42249,100.351,100.733,0.2667
cascade,C-V2X Mode 4,50,3,0.49889,0.24453,0.41232,99.839,100.791,0.2667
cascade,C-V2X Mode 4,50,4,0.46954,0.22013,0.41489,100.385,100.785,0.2667
cascade,C-V2X Mode 4,50,5,0.47480,0.23806,0.41064,100.697,100.786,0.2667
cascade,C-V2X Mode 4,50,6,0.49169,0.23345,0.41792,100.362,100.765,0.2667
cascade,C-V2X Mode 4,50,7,0.48037,0.24453,0.41236,100.499,100.793,0.2667
cascade,C-V2X Mode 4,50,8,0.48310,0.24089,0.40984,100.468,100.793,0.2667
cascade,C-V2X Mode 4,50,9,0.48693,0.23298,0.41633,100.820,100.781,0.2667
cascade,C-V2X Mode 4,50,10,0.47792,0.23324,0.41459,100.283,100.772,0.2667
cascade,C-V2X Mode 4,50,11,0.47485,0.22850,0.41932,100.466,100.801,0.2667
cascade,C-V2X Mode 4,50,12,0.49006,0.24699,0.40546,100.447,100.805,0.2667
cascade,C-V2X Mode 4,50,13,0.43136,0.21472,0.40864,100.404,100.760,0.2667
cascade,C-V2X Mode 4,50,14,0.48455,0.23208,0.41751,100.431,100.840,0.2667
cascade,C-V2X Mode 4,50,15,0.48308,0.23116,0.41251,100.990,100.781,0.2667
cascade,C-V2X Mode 4,50,16,0.49595,0.22693,0.42375,100.454,100.819,0.2667
cascade,C-V2X Mode 4,50,17,0.48921,0.23317,0.41046,100.415,100.829,0.2667
cascade,C-V2X Mode 4,50,18,0.49746,0.23253,0.41620,100.670,100.834,0.2667
cascade,C-V2X Mode 4,50,19,0.47021,0.21936,0.41231,100.692,100.845,0.2667
cascade,UDP,50,0,0.46505,0.46505,0.37455,9.529,9.254,0.2667
cascade,UDP,50,1,0.45688,0.45688,0.38064,8.608,9.204,0.2667
cascade,UDP,50,2,0.45989,0.45989,0.38061,8.988,9.198,0.2667
cascade,UDP,50,3,0.46654,0.46654,0.37277,9.060,9.202,0.2667
cascade,UDP,50,4,0.44800,0.44800,0.37457,9.078,9.180,0.2667
cascade,UDP,50,5,0.44894,0.44894,0.37140,9.979,9.175,0.2667
cascade,UDP,50,6,0.46267,0.46267,0.38002,8.828,9.300,0.2667
cascade,UDP,50,7,0.45624,0.45624,0.37388,9.527,9.164,0.2667
cascade,UDP,50,8,0.45290,0.45290,0.37113,8.604,9.244,0.2667
cascade,UDP,50,9,0.46434,0.46434,0.37672,8.747,9.255,0.2667
cascade,UDP,50,10,0.44488,0.44488,0.37467,9.047,9.220,0.2667
cascade,UDP,50,11,0.44985,0.44985,0.37969,9.627,9.136,0.2667
cascade,UDP,50,12,0.46237,0.46237,0.36605,8.665,9.205,0.2667
cascade,UDP,50,13,0.40832,0.40832,0.36784,9.570,9.290,0.2667
cascade,UDP,50,14,0.46351,0.46351,0.37675,10.515,9.375,0.2667
cascade,UDP,50,15,0.44891,0.44891,0.37329,10.053,9.125,0.2667
cascade,UDP,50,16,0.45937,0.45937,0.38201,9.322,9.290,0.2667
cascade,UDP,50,17,0.47182,0.47182,0.37153,8.435,9.260,0.2667
cascade,UDP,50,18,0.47522,0.47522,0.37674,9.441,9.244,0.2667
cascade,UDP,50,19,0.43737,0.43737,0.37389,9.109,9.336,0.2667
cascade,MQTT,50,0,0.43591,0.42895,0.34089,206.448,409.201,0.2667
cascade,MQTT,50,1,0.42989,0.41903,0.34552,209.079,408.941,0.2667
cascade,MQTT,50,2,0.43458,0.42571,0.34542,208.831,409.275,0.2667
cascade,MQTT,50,3,0.43895,0.42436,0.33819,208.833,409.183,0.2667
cascade,MQTT,50,4,0.41871,0.40761,0.34014,208.544,409.345,0.2667
cascade,MQTT,50,5,0.42341,0.41379,0.33809,207.071,409.472,0.2667
cascade,MQTT,50,6,0.43495,0.42387,0.34451,209.486,409.037,0.2667
cascade,MQTT,50,7,0.42375,0.41570,0.33746,207.156,409.824,0.2667
cascade,MQTT,50,8,0.42435,0.41615,0.33816,207.082,409.191,0.2667
cascade,MQTT,50,9,0.43369,0.42498,0.34186,208.867,408.627,0.2667
cascade,MQTT,50,10,0.41642,0.40922,0.34030,209.931,409.586,0.2667
cascade,MQTT,50,11,0.42421,0.41448,0.34554,207.590,409.493,0.2667
cascade,MQTT,50,12,0.43532,0.42326,0.33193,208.992,408.803,0.2667
cascade,MQTT,50,13,0.37568,0.36864,0.33337,208.172,410.144,0.2667
cascade,MQTT,50,14,0.42636,0.41519,0.34289,209.574,409.162,0.2667
cascade,MQTT,50,15,0.42178,0.41608,0.34003,206.263,408.585,0.2667
cascade,MQTT,50,16,0.44383,0.43315,0.34684,208.085,408.724,0.2667
cascade,MQTT,50,17,0.44122,0.43221,0.33784,208.312,409.281,0.2667
cascade,MQTT,50,18,0.43488,0.42471,0.34294,208.215,409.960,0.2667
cascade,MQTT,50,19,0.40352,0.39506,0.33882,208.944,408.921,0.2667
cascade,QDAP,75,0,0.43772,0.43772,0.40736,2.533,9.968,0.4000
cascade,QDAP,75,1,0.43968,0.43968,0.40679,2.807,10.061,0.4000
cascade,QDAP,75,2,0.45853,0.45853,0.41632,2.734,10.265,0.4000
cascade,QDAP,75,3,0.42919,0.42919,0.40622,3.000,10.092,0.4000
cascade,QDAP,75,4,0.45189,0.45189,0.40440,2.795,9.913,0.4000
cascade,QDAP,75,5,0.47252,0.47252,0.40530,2.832,10.002,0.4000
cascade,QDAP,75,6,0.40092,0.40092,0.40755,2.690,10.135,0.4000
cascade,QDAP,75,7,0.48433,0.48433,0.40830,3.000,9.981,0.4000
cascade,QDAP,75,8,0.40366,0.40366,0.40721,2.952,10.044,0.4000
cascade,QDAP,75,9,0.45405,0.45405,0.40721,2.751,9.990,0.4000
cascade,QDAP,75,10,0.43216,0.43216,0.41043,3.071,10.158,0.4000
cascade,QDAP,75,11,0.46646,0.46646,0.41380,2.913,10.157,0.4000
cascade,QDAP,75,12,0.45067,0.45067,0.40537,2.898,9.929,0.4000
cascade,QDAP,75,13,0.46841,0.46841,0.41016,3.048,10.057,0.4000
cascade,QDAP,75,14,0.46592,0.46592,0.40879,2.921,10.188,0.4000
cascade,QDAP,75,15,0.43246,0.43246,0.40706,2.692,10.047,0.4000
cascade,QDAP,75,16,0.40216,0.40216,0.41492,2.815,10.231,0.4000
cascade,QDAP,75,17,0.44875,0.44875,0.40195,2.883,9.904,0.4000
cascade,QDAP,75,18,0.44653,0.44653,0.40696,2.922,10.060,0.4000
cascade,QDAP,75,19,0.43618,0.43618,0.40640,2.961,9.981,0.4000
cascade,DSRC 802.11p,75,0,0.34365,0.34365,0.38721,2.520,2.466,0.4000
cascade,DSRC 802.11p,75,1,0.34450,0.34450,0.38628,2.421,2.520,0.4000
cascade,DSRC 802.11p,75,2,0.36724,0.36724,0.39591,2.277,2.497,0.4000
cascade,DSRC 802.11p,75,3,0.33828,0.33828,0.38704,2.362,2.506,0.4000
cascade,DSRC 802.11p,75,4,0.34830,0.34830,0.38515,2.408,2.502,0.4000
cascade,DSRC 802.11p,75,5,0.37389,0.37389,0.38578,2.482,2.502,0.4000
cascade,DSRC 802.11p,75,6,0.31152,0.31152,0.38743,2.625,2.509,0.4000
cascade,DSRC 802.11p,75,7,0.38747,0.38747,0.38882,2.553,2.471,0.4000
cascade,DSRC 802.11p,75,8,0.31909,0.31909,0.38685,2.336,2.475,0.4000
cascade,DSRC 802.11p,75,9,0.35885,0.35885,0.38742,2.347,2.484,0.4000
cascade,DSRC 802.11p,75,10,0.34992,0.34992,0.39035,2.266,2.484,0.4000
cascade,DSRC 802.11p,75,11,0.36364,0.36364,0.39344,2.477,2.491,0.4000
cascade,DSRC 802.11p,75,12,0.35201,0.35201,0.38478,2.440,2.503,0.4000
cascade,DSRC 802.11p,75,13,0.36290,0.36290,0.39061,2.840,2.501,0.4000
cascade,DSRC 802.11p,75,14,0.36173,0.36173,0.38917,2.521,2.481,0.4000
cascade,DSRC 802.11p,75,15,0.34030,0.34030,0.38640,2.579,2.474,0.4000
cascade,DSRC 802.11p,75,16,0.32038,0.32038,0.39460,2.444,2.505,0.4000
cascade,DSRC 802.11p,75,17,0.34580,0.34580,0.38135,2.551,2.508,0.4000
cascade,DSRC 802.11p,75,18,0.34646,0.34646,0.38717,2.218,2.495,0.4000
cascade,DSRC 802.11p,75,19,0.33848,0.33848,0.38632,2.409,2.506,0.4000
cascade,802.11bd,75,0,0.45766,0.45766,0.45763,1.508,1.494,0.4000
cascade,802.11bd,75,1,0.45872,0.45872,0.45732,1.351,1.506,0.4000
cascade,802.11bd,75,2,0.48540,0.48540,0.46766,1.585,1.500,0.4000
cascade,802.11bd,75,3,0.45295,0.45295,0.45618,1.489,1.504,0.4000
cascade,802.11bd,75,4,0.46386,0.46386,0.45447,1.442,1.502,0.4000
cascade,802.11bd,75,5,0.48870,0.48870,0.45530,1.555,1.501,0.4000
cascade,802.11bd,75,6,0.42558,0.42558,0.45814,1.600,1.505,0.4000
cascade,802.11bd,75,7,0.50552,0.50552,0.45719,1.499,1.492,0.4000
cascade,802.11bd,75,8,0.41280,0.41280,0.45721,1.439,1.494,0.4000
cascade,802.11bd,75,9,0.47993,0.47993,0.45809,1.459,1.494,0.4000
cascade,802.11bd,75,10,0.46671,0.46671,0.46068,1.477,1.490,0.4000
cascade,802.11bd,75,11,0.48698,0.48698,0.46317,1.480,1.502,0.4000
cascade,802.11bd,75,12,0.46596,0.46596,0.45478,1.610,1.492,0.4000
cascade,802.11bd,75,13,0.48181,0.48181,0.46168,1.434,1.499,0.4000
cascade,802.11bd,75,14,0.48078,0.48078,0.45922,1.437,1.493,0.4000
cascade,802.11bd,75,15,0.46016,0.46016,0.45644,1.574,1.497,0.4000
cascade,802.11bd,75,16,0.42417,0.42417,0.46471,1.479,1.502,0.4000
cascade,802.11bd,75,17,0.46655,0.46655,0.45108,1.595,1.507,0.4000
cascade,802.11bd,75,18,0.46096,0.46096,0.45750,1.433,1.504,0.4000
cascade,802.11bd,75,19,0.45415,0.45415,0.45629,1.475,1.497,0.4000
cascade,C-V2X Mode 4,75,0,0.42482,0.20619,0.41603,100.379,100.763,0.4000
cascade,C-V2X Mode 4,75,1,0.41972,0.20161,0.41539,100.610,100.803,0.4000
cascade,C-V2X Mode 4,75,2,0.44995,0.22057,0.42527,100.253,100.771,0.4000
cascade,C-V2X Mode 4,75,3,0.42348,0.20420,0.41456,100.365,100.832,0.4000
cascade,C-V2X Mode 4,75,4,0.42933,0.21938,0.41373,100.413,100.809,0.4000
cascade,C-V2X Mode 4,75,5,0.45745,0.21786,0.41323,100.577,100.787,0.4000
cascade,C-V2X Mode 4,75,6,0.38571,0.19654,0.41641,100.610,100.806,0.4000
cascade,C-V2X Mode 4,75,7,0.46734,0.22154,0.41612,100.548,100.798,0.4000
cascade,C-V2X Mode 4,75,8,0.38126,0.18560,0.41626,100.651,100.762,0.4000
cascade,C-V2X Mode 4,75,9,0.43935,0.21869,0.41637,100.219,100.772,0.4000
cascade,C-V2X Mode 4,75,10,0.43285,0.19719,0.41808,100.351,100.801,0.4000
cascade,C-V2X Mode 4,75,11,0.45256,0.22264,0.42230,100.521,100.756,0.4000
cascade,C-V2X Mode 4,75,12,0.43678,0.21167,0.41382,100.781,100.786,0.4000
cascade,C-V2X Mode 4,75,13,0.45203,0.21825,0.41934,100.319,100.781,0.4000
cascade,C-V2X Mode 4,75,14,0.44801,0.20926,0.41780,100.680,100.780,0.4000
cascade,C-V2X Mode 4,75,15,0.42270,0.20409,0.41587,100.450,100.786,0.4000
cascade,C-V2X Mode 4,75,16,0.39205,0.18490,0.42302,100.089,100.756,0.4000
cascade,C-V2X Mode 4,75,17,0.43253,0.20996,0.40914,100.252,100.815,0.4000
cascade,C-V2X Mode 4,75,18,0.42203,0.20838,0.41594,100.810,100.796,0.4000
cascade,C-V2X Mode 4,75,19,0.42005,0.20461,0.41436,100.433,100.814,0.4000
cascade,UDP,75,0,0.39456,0.39456,0.38377,9.154,9.229,0.4000
cascade,UDP,75,1,0.39771,0.39771,0.38307,9.071,9.207,0.4000
cascade,UDP,75,2,0.41983,0.41983,0.39314,9.212,9.196,0.4000
cascade,UDP,75,3,0.39242,0.39242,0.38271,9.018,9.265,0.4000
cascade,UDP,75,4,0.41114,0.41114,0.38123,9.798,9.253,0.4000
cascade,UDP,75,5,0.43595,0.43595,0.38268,9.261,9.130,0.4000
cascade,UDP,75,6,0.36866,0.36866,0.38350,10.293,9.165,0.4000
cascade,UDP,75,7,0.44462,0.44462,0.38549,8.804,9.306,0.4000
cascade,UDP,75,8,0.36389,0.36389,0.38301,8.397,9.180,0.4000
cascade,UDP,75,9,0.41698,0.41698,0.38427,8.853,9.265,0.4000
cascade,UDP,75,10,0.41073,0.41073,0.38663,9.228,9.173,0.4000
cascade,UDP,75,11,0.41990,0.41990,0.38959,9.225,9.184,0.4000
cascade,UDP,75,12,0.40713,0.40713,0.38216,10.148,9.261,0.4000
cascade,UDP,75,13,0.43012,0.43012,0.38640,9.250,9.162,0.4000
cascade,UDP,75,14,0.41918,0.41918,0.38539,9.655,9.191,0.4000
cascade,UDP,75,15,0.39069,0.39069,0.38275,10.026,9.156,0.4000
cascade,UDP,75,16,0.37452,0.37452,0.39126,8.712,9.250,0.4000
cascade,UDP,75,17,0.41045,0.41045,0.37872,8.674,9.361,0.4000
cascade,UDP,75,18,0.40394,0.40394,0.38365,9.633,9.179,0.4000
cascade,UDP,75,19,0.38917,0.38917,0.38251,9.863,9.174,0.4000
cascade,MQTT,75,0,0.35984,0.34975,0.34913,211.066,410.446,0.4000
cascade,MQTT,75,1,0.36583,0.35528,0.34936,211.703,410.749,0.4000
cascade,MQTT,75,2,0.39388,0.38392,0.35777,209.465,410.706,0.4000
cascade,MQTT,75,3,0.36455,0.35427,0.34887,210.344,410.499,0.4000
cascade,MQTT,75,4,0.37500,0.36602,0.34729,208.951,410.463,0.4000
cascade,MQTT,75,5,0.40913,0.40049,0.34793,208.959,409.886,0.4000
cascade,MQTT,75,6,0.34263,0.33226,0.34907,210.233,410.688,0.4000
cascade,MQTT,75,7,0.41439,0.40600,0.35125,210.085,410.547,0.4000
cascade,MQTT,75,8,0.33051,0.32069,0.34904,212.483,411.144,0.4000
cascade,MQTT,75,9,0.38627,0.37771,0.34942,209.918,410.447,0.4000
cascade,MQTT,75,10,0.37296,0.36305,0.35269,209.298,410.757,0.4000
cascade,MQTT,75,11,0.38923,0.38019,0.35579,208.910,410.545,0.4000
cascade,MQTT,75,12,0.37448,0.36475,0.34787,210.687,410.744,0.4000
cascade,MQTT,75,13,0.40247,0.39353,0.35138,210.940,410.484,0.4000
cascade,MQTT,75,14,0.38619,0.37789,0.35072,208.484,410.325,0.4000
cascade,MQTT,75,15,0.36073,0.34938,0.34875,210.173,410.961,0.4000
cascade,MQTT,75,16,0.33610,0.32959,0.35694,210.055,410.399,0.4000
cascade,MQTT,75,17,0.37644,0.36833,0.34466,209.215,410.756,0.4000
cascade,MQTT,75,18,0.36913,0.35837,0.35022,209.773,410.730,0.4000
cascade,MQTT,75,19,0.36290,0.35184,0.34940,210.132,410.715,0.4000
cascade,QDAP,100,0,0.49020,0.49020,0.41486,2.842,10.190,0.5333
cascade,QDAP,100,1,0.40038,0.40038,0.41427,2.656,10.267,0.5333
cascade,QDAP,100,2,0.47715,0.47715,0.42007,2.835,10.502,0.5333
cascade,QDAP,100,3,0.48068,0.48068,0.41316,2.605,10.321,0.5333
cascade,QDAP,100,4,0.45572,0.45572,0.41283,2.834,10.240,0.5333
cascade,QDAP,100,5,0.47911,0.47911,0.41312,2.956,10.274,0.5333
cascade,QDAP,100,6,0.46573,0.46573,0.41569,3.011,10.397,0.5333
cascade,QDAP,100,7,0.44897,0.44897,0.41293,2.692,10.294,0.5333
cascade,QDAP,100,8,0.45270,0.45270,0.41564,2.858,10.297,0.5333
cascade,QDAP,100,9,0.47797,0.47797,0.41409,2.869,10.250,0.5333
cascade,QDAP,100,10,0.40042,0.40042,0.41562,2.975,10.429,0.5333
cascade,QDAP,100,11,0.47453,0.47453,0.41693,2.844,10.362,0.5333
cascade,QDAP,100,12,0.46504,0.46504,0.41120,2.966,10.223,0.5333
cascade,QDAP,100,13,0.45707,0.45707,0.41565,2.963,10.319,0.5333
cascade,QDAP,100,14,0.47100,0.47100,0.41656,2.739,10.411,0.5333
cascade,QDAP,100,15,0.46222,0.46222,0.41573,2.811,10.268,0.5333
cascade,QDAP,100,16,0.46200,0.46200,0.41877,2.867,10.414,0.5333
cascade,QDAP,100,17,0.46660,0.46660,0.40933,2.867,10.118,0.5333
cascade,QDAP,100,18,0.45305,0.45305,0.41011,2.731,10.298,0.5333
cascade,QDAP,100,19,0.47167,0.47167,0.41333,2.922,10.283,0.5333
cascade,DSRC 802.11p,100,0,0.37847,0.37847,0.38927,2.460,2.499,0.5333
cascade,DSRC 802.11p,100,1,0.30603,0.30603,0.38782,2.681,2.518,0.5333
cascade,DSRC 802.11p,100,2,0.36623,0.36623,0.39335,2.333,2.511,0.5333
cascade,DSRC 802.11p,100,3,0.37778,0.37778,0.38712,2.596,2.500,0.5333
cascade,DSRC 802.11p,100,4,0.35326,0.35326,0.38707,2.513,2.514,0.5333
cascade,DSRC 802.11p,100,5,0.36852,0.36852,0.38751,2.429,2.522,0.5333
cascade,DSRC 802.11p,100,6,0.35973,0.35973,0.38958,2.556,2.505,0.5333
cascade,DSRC 802.11p,100,7,0.34623,0.34623,0.38756,2.372,2.490,0.5333
cascade,DSRC 802.11p,100,8,0.35367,0.35367,0.38921,2.477,2.504,0.5333
cascade,DSRC 802.11p,100,9,0.36409,0.36409,0.38840,2.617,2.519,0.5333
cascade,DSRC 802.11p,100,10,0.31340,0.31340,0.38871,2.512,2.502,0.5333
cascade,DSRC 802.11p,100,11,0.37231,0.37231,0.39125,2.290,2.510,0.5333
cascade,DSRC 802.11p,100,12,0.35733,0.35733,0.38434,2.576,2.516,0.5333
cascade,DSRC 802.11p,100,13,0.35196,0.35196,0.38929,2.448,2.497,0.5333
cascade,DSRC 802.11p,100,14,0.35996,0.35996,0.39049,2.584,2.510,0.5333
cascade,DSRC 802.11p,100,15,0.36283,0.36283,0.38978,2.397,2.498,0.5333
cascade,DSRC 802.11p,100,16,0.35867,0.35867,0.39168,2.670,2.509,0.5333
cascade,DSRC 802.11p,100,17,0.37311,0.37311,0.38363,2.514,2.499,0.5333
cascade,DSRC 802.11p,100,18,0.35369,0.35369,0.38317,2.545,2.503,0.5333
cascade,DSRC 802.11p,100,19,0.36651,0.36651,0.38769,2.404,2.505,0.5333
cascade,802.11bd,100,0,0.50425,0.50425,0.45875,1.556,1.512,0.5333
cascade,802.11bd,100,1,0.41922,0.41922,0.45887,1.543,1.511,0.5333
cascade,802.11bd,100,2,0.48395,0.48395,0.46441,1.599,1.516,0.5333
cascade,802.11bd,100,3,0.48904,0.48904,0.45758,1.514,1.507,0.5333
cascade,802.11bd,100,4,0.47434,0.47434,0.45743,1.469,1.508,0.5333
cascade,802.11bd,100,5,0.48951,0.48951,0.45747,1.416,1.508,0.5333
cascade,802.11bd,100,6,0.47655,0.47655,0.46007,1.589,1.512,0.5333
cascade,802.11bd,100,7,0.46592,0.46592,0.45750,1.506,1.508,0.5333
cascade,802.11bd,100,8,0.46310,0.46310,0.46035,1.463,1.510,0.5333
cascade,802.11bd,100,9,0.47465,0.47465,0.45893,1.551,1.505,0.5333
cascade,802.11bd,100,10,0.41567,0.41567,0.45952,1.470,1.508,0.5333
cascade,802.11bd,100,11,0.48639,0.48639,0.46203,1.547,1.499,0.5333
cascade,802.11bd,100,12,0.46999,0.46999,0.45544,1.485,1.516,0.5333
cascade,802.11bd,100,13,0.46218,0.46218,0.46107,1.481,1.514,0.5333
cascade,802.11bd,100,14,0.48475,0.48475,0.46137,1.495,1.512,0.5333
cascade,802.11bd,100,15,0.48145,0.48145,0.45996,1.593,1.512,0.5333
cascade,802.11bd,100,16,0.47301,0.47301,0.46303,1.561,1.521,0.5333
cascade,802.11bd,100,17,0.48187,0.48187,0.45321,1.452,1.508,0.5333
cascade,802.11bd,100,18,0.46887,0.46887,0.45469,1.504,1.512,0.5333
cascade,802.11bd,100,19,0.47716,0.47716,0.45810,1.402,1.514,0.5333
cascade,C-V2X Mode 4,100,0,0.46014,0.22607,0.41628,100.592,100.824,0.5333
cascade,C-V2X Mode 4,100,1,0.38759,0.18645,0.41600,100.854,100.797,0.5333
cascade,C-V2X Mode 4,100,2,0.45065,0.21590,0.42046,100.538,100.831,0.5333
cascade,C-V2X Mode 4,100,3,0.45608,0.22453,0.41423,100.435,100.796,0.5333
cascade,C-V2X Mode 4,100,4,0.44014,0.21778,0.41364,100.425,100.791,0.5333
cascade,C-V2X Mode 4,100,5,0.44823,0.21698,0.41462,100.323,100.821,0.5333
cascade,C-V2X Mode 4,100,6,0.44150,0.20838,0.41742,100.720,100.805,0.5333
cascade,C-V2X Mode 4,100,7,0.43134,0.20873,0.41390,100.349,100.779,0.5333
cascade,C-V2X Mode 4,100,8,0.43071,0.20879,0.41684,100.936,100.808,0.5333
cascade,C-V2X Mode 4,100,9,0.44722,0.21530,0.41473,100.598,100.814,0.5333
cascade,C-V2X Mode 4,100,10,0.38482,0.18547,0.41576,100.723,100.815,0.5333
cascade,C-V2X Mode 4,100,11,0.45298,0.21964,0.41820,100.385,100.813,0.5333
cascade,C-V2X Mode 4,100,12,0.43888,0.21457,0.41159,100.448,100.808,0.5333
cascade,C-V2X Mode 4,100,13,0.42709,0.20392,0.41692,100.390,100.786,0.5333
cascade,C-V2X Mode 4,100,14,0.44995,0.22207,0.41759,100.892,100.789,0.5333
cascade,C-V2X Mode 4,100,15,0.44316,0.20950,0.41638,100.836,100.788,0.5333
cascade,C-V2X Mode 4,100,16,0.43569,0.20753,0.41948,100.499,100.787,0.5333
cascade,C-V2X Mode 4,100,17,0.45149,0.21836,0.40973,100.406,100.781,0.5333
cascade,C-V2X Mode 4,100,18,0.43263,0.21249,0.41141,100.339,100.800,0.5333
cascade,C-V2X Mode 4,100,19,0.44708,0.21249,0.41442,100.751,100.810,0.5333
cascade,UDP,100,0,0.44642,0.44642,0.39214,9.734,9.191,0.5333
cascade,UDP,100,1,0.36928,0.36928,0.39050,9.116,9.178,0.5333
cascade,UDP,100,2,0.43503,0.43503,0.39641,9.570,9.191,0.5333
cascade,UDP,100,3,0.44253,0.44253,0.39010,9.849,9.251,0.5333
cascade,UDP,100,4,0.41473,0.41473,0.38985,9.251,9.141,0.5333
cascade,UDP,100,5,0.43078,0.43078,0.39029,9.248,9.231,0.5333
cascade,UDP,100,6,0.43377,0.43377,0.39213,8.402,9.256,0.5333
cascade,UDP,100,7,0.40599,0.40599,0.39006,9.172,9.179,0.5333
cascade,UDP,100,8,0.41316,0.41316,0.39177,8.789,9.188,0.5333
cascade,UDP,100,9,0.44007,0.44007,0.39057,9.785,9.203,0.5333
cascade,UDP,100,10,0.36609,0.36609,0.39178,9.641,9.224,0.5333
cascade,UDP,100,11,0.42776,0.42776,0.39413,9.079,9.236,0.5333
cascade,UDP,100,12,0.42298,0.42298,0.38793,9.303,9.233,0.5333
cascade,UDP,100,13,0.41363,0.41363,0.39250,8.581,9.260,0.5333
cascade,UDP,100,14,0.43155,0.43155,0.39352,8.533,9.248,0.5333
cascade,UDP,100,15,0.42376,0.42376,0.39250,9.767,9.183,0.5333
cascade,UDP,100,16,0.42366,0.42366,0.39479,9.288,9.258,0.5333
cascade,UDP,100,17,0.43118,0.43118,0.38625,8.978,9.190,0.5333
cascade,UDP,100,18,0.40881,0.40881,0.38658,9.166,9.172,0.5333
cascade,UDP,100,19,0.43047,0.43047,0.39062,9.221,9.142,0.5333
cascade,MQTT,100,0,0.41800,0.40869,0.35848,209.604,412.206,0.5333
cascade,MQTT,100,1,0.33904,0.33143,0.35642,210.572,412.892,0.5333
cascade,MQTT,100,2,0.39783,0.39001,0.36188,209.740,412.196,0.5333
cascade,MQTT,100,3,0.41024,0.40087,0.35640,209.978,412.055,0.5333
cascade,MQTT,100,4,0.38865,0.37917,0.35509,211.309,413.045,0.5333
cascade,MQTT,100,5,0.40997,0.40023,0.35583,210.047,411.972,0.5333
cascade,MQTT,100,6,0.39323,0.38395,0.35791,210.480,413.022,0.5333
cascade,MQTT,100,7,0.38271,0.37312,0.35581,211.700,412.106,0.5333
cascade,MQTT,100,8,0.38367,0.37362,0.35729,210.703,412.404,0.5333
cascade,MQTT,100,9,0.40432,0.39468,0.35595,210.628,412.636,0.5333
cascade,MQTT,100,10,0.34616,0.33853,0.35752,210.880,412.345,0.5333
cascade,MQTT,100,11,0.40421,0.39352,0.35991,211.807,412.245,0.5333
cascade,MQTT,100,12,0.38673,0.37733,0.35389,212.664,412.084,0.5333
cascade,MQTT,100,13,0.37871,0.37138,0.35762,209.073,412.374,0.5333
cascade,MQTT,100,14,0.39592,0.38681,0.35856,210.793,412.580,0.5333
cascade,MQTT,100,15,0.39772,0.38581,0.35776,212.748,412.375,0.5333
cascade,MQTT,100,16,0.39047,0.37981,0.35986,211.298,412.217,0.5333
cascade,MQTT,100,17,0.39930,0.38990,0.35263,210.063,412.000,0.5333
cascade,MQTT,100,18,0.38602,0.37666,0.35265,210.932,412.905,0.5333
cascade,MQTT,100,19,0.39724,0.38761,0.35616,211.098,412.462,0.5333
