scenario,protocol,n_agents,run,bsm_sent,bsm_delivered,bsm_pdr,bsm_deadline_rate,denm_sent,denm_delivered,denm_pdr,denm_deadline_rate,latency_p50_ms,latency_p99_ms,emergency_p99_ms,mean_cbr,cascade_n_vehicles,cascade_mean_ms,cascade_p95_ms
urban,QDAP,10,0,14400,9360,0.6500,0.6500,240,165,0.6875,0.6875,1.41,8.93,2.65,0.0480,0,,
urban,QDAP,10,1,14400,9955,0.6913,0.6913,240,204,0.8500,0.8500,1.51,9.11,2.35,0.0480,0,,
urban,QDAP,10,2,18000,13135,0.7297,0.7297,270,228,0.8444,0.8444,1.74,10.03,2.63,0.0533,0,,
urban,QDAP,10,3,18000,10690,0.5939,0.5939,270,185,0.6852,0.6852,1.59,9.37,3.54,0.0533,0,,
urban,QDAP,10,4,14400,8802,0.6112,0.6112,240,173,0.7208,0.7208,1.49,8.94,2.74,0.0480,0,,
urban,DSRC 802.11p,10,5,14400,8465,0.5878,0.5878,240,127,0.5292,0.5292,0.52,2.42,2.46,0.0480,0,,
urban,DSRC 802.11p,10,6,14400,9258,0.6429,0.6429,240,151,0.6292,0.6292,0.51,2.42,2.69,0.0480,0,,
urban,DSRC 802.11p,10,7,18000,12421,0.6901,0.6901,270,159,0.5889,0.5889,0.52,2.46,2.03,0.0533,0,,
urban,DSRC 802.11p,10,8,18000,9669,0.5372,0.5372,270,138,0.5111,0.5111,0.51,2.45,2.32,0.0533,0,,
urban,DSRC 802.11p,10,9,14400,8184,0.5683,0.5683,240,138,0.5750,0.5750,0.51,2.51,2.52,0.0480,0,,
urban,802.11bd,10,10,14400,10187,0.7074,0.7074,240,175,0.7292,0.7292,0.32,1.51,1.22,0.0480,0,,
urban,802.11bd,10,11,14400,10774,0.7482,0.7482,240,208,0.8667,0.8667,0.31,1.46,1.73,0.0480,0,,
urban,802.11bd,10,12,18000,14146,0.7859,0.7859,270,228,0.8444,0.8444,0.31,1.50,1.20,0.0533,0,,
urban,802.11bd,10,13,18000,11688,0.6493,0.6493,270,185,0.6852,0.6852,0.31,1.50,1.29,0.0533,0,,
urban,802.11bd,10,14,14400,9549,0.6631,0.6631,240,182,0.7583,0.7583,0.31,1.52,1.81,0.0480,0,,
urban,C-V2X Mode 4,10,15,14400,9400,0.6528,0.6406,240,159,0.6625,0.3250,52.20,100.86,100.26,0.0480,0,,
urban,C-V2X Mode 4,10,16,14400,10003,0.6947,0.6837,240,193,0.8042,0.4000,52.71,100.69,99.31,0.0480,0,,
urban,C-V2X Mode 4,10,17,18000,13224,0.7347,0.7214,270,217,0.8037,0.3889,51.79,100.80,100.02,0.0533,0,,
urban,C-V2X Mode 4,10,18,18000,10811,0.6006,0.5894,270,177,0.6556,0.3111,52.47,100.75,99.91,0.0533,0,,
urban,C-V2X Mode 4,10,19,14400,8818,0.6124,0.5998,240,160,0.6667,0.3000,53.18,100.79,101.09,0.0480,0,,
urban,UDP,10,20,14400,8167,0.5672,0.5672,240,149,0.6208,0.6208,1.42,9.07,6.58,0.0480,0,,
urban,UDP,10,21,14400,8974,0.6232,0.6232,240,180,0.7500,0.7500,1.42,9.08,7.56,0.0480,0,,
urban,UDP,10,22,18000,12061,0.6701,0.6701,270,176,0.6519,0.6519,1.39,9.41,10.24,0.0533,0,,
urban,UDP,10,23,18000,9330,0.5183,0.5183,270,168,0.6222,0.6222,1.40,9.24,9.72,0.0533,0,,
urban,UDP,10,24,14400,7922,0.5501,0.5501,240,160,0.6667,0.6667,1.40,8.89,8.32,0.0480,0,,
urban,MQTT,10,25,14400,7285,0.5059,0.4724,240,126,0.5250,0.5000,7.27,409.68,210.02,0.0480,0,,
urban,MQTT,10,26,14400,8039,0.5583,0.5242,240,166,0.6917,0.6792,7.22,408.36,207.76,0.0480,0,,
urban,MQTT,10,27,18000,11218,0.6232,0.5924,270,164,0.6074,0.5778,7.17,407.09,207.82,0.0533,0,,
urban,MQTT,10,28,18000,8325,0.4625,0.4321,270,138,0.5111,0.4926,7.25,408.23,206.09,0.0533,0,,
urban,MQTT,10,29,14400,7249,0.5034,0.4757,240,140,0.5833,0.5667,7.22,407.77,209.31,0.0480,0,,
urban,QDAP,25,0,84000,57167,0.6806,0.6806,600,532,0.8867,0.8867,1.59,9.54,2.75,0.1120,0,,
urban,QDAP,25,1,101200,70302,0.6947,0.6947,660,556,0.8424,0.8424,1.68,9.76,2.69,0.1227,0,,
urban,QDAP,25,2,101200,64690,0.6392,0.6392,660,575,0.8712,0.8712,1.46,9.34,3.18,0.1227,0,,
urban,QDAP,25,3,92400,66114,0.7155,0.7155,630,489,0.7762,0.7762,1.68,9.83,2.91,0.1173,0,,
urban,QDAP,25,4,92400,56915,0.6160,0.6160,630,532,0.8444,0.8444,1.63,9.81,2.71,0.1173,0,,
urban,DSRC 802.11p,25,5,84000,52534,0.6254,0.6254,600,417,0.6950,0.6950,0.52,2.45,2.34,0.1120,0,,
urban,DSRC 802.11p,25,6,101200,64695,0.6393,0.6393,660,435,0.6591,0.6591,0.53,2.50,2.62,0.1227,0,,
urban,DSRC 802.11p,25,7,101200,58302,0.5761,0.5761,660,458,0.6939,0.6939,0.52,2.48,2.30,0.1227,0,,
urban,DSRC 802.11p,25,8,92400,60953,0.6597,0.6597,630,376,0.5968,0.5968,0.53,2.50,2.35,0.1173,0,,
urban,DSRC 802.11p,25,9,92400,51139,0.5535,0.5535,630,451,0.7159,0.7159,0.52,2.46,2.45,0.1173,0,,
urban,802.11bd,25,10,84000,61734,0.7349,0.7349,600,534,0.8900,0.8900,0.32,1.47,1.38,0.1120,0,,
urban,802.11bd,25,11,101200,74728,0.7384,0.7384,660,564,0.8545,0.8545,0.32,1.49,1.41,0.1227,0,,
urban,802.11bd,25,12,101200,69805,0.6898,0.6898,660,569,0.8621,0.8621,0.32,1.51,1.50,0.1227,0,,
urban,802.11bd,25,13,92400,71048,0.7689,0.7689,630,479,0.7603,0.7603,0.32,1.49,1.67,0.1173,0,,
urban,802.11bd,25,14,92400,61861,0.6695,0.6695,630,566,0.8984,0.8984,0.32,1.49,1.31,0.1173,0,,
urban,C-V2X Mode 4,25,15,84000,56825,0.6765,0.6643,600,492,0.8200,0.3950,52.00,100.78,100.00,0.1120,0,,
urban,C-V2X Mode 4,25,16,101200,68886,0.6807,0.6688,660,533,0.8076,0.4167,51.78,100.74,100.13,0.1227,0,,
urban,C-V2X Mode 4,25,17,101200,63989,0.6323,0.6210,660,546,0.8273,0.4121,51.71,100.77,100.60,0.1227,0,,
urban,C-V2X Mode 4,25,18,92400,65439,0.7082,0.6960,630,456,0.7238,0.3349,51.70,100.73,99.41,0.1173,0,,
urban,C-V2X Mode 4,25,19,92400,56400,0.6104,0.5996,630,512,0.8127,0.3667,51.92,100.82,101.30,0.1173,0,,
urban,UDP,25,20,84000,51248,0.6101,0.6101,600,486,0.8100,0.8100,1.37,9.19,9.83,0.1120,0,,
urban,UDP,25,21,101200,63432,0.6268,0.6268,660,506,0.7667,0.7667,1.38,9.12,8.72,0.1227,0,,
urban,UDP,25,22,101200,57188,0.5651,0.5651,660,515,0.7803,0.7803,1.39,9.32,9.09,0.1227,0,,
urban,UDP,25,23,92400,59661,0.6457,0.6457,630,430,0.6825,0.6825,1.38,9.24,9.41,0.1173,0,,
urban,UDP,25,24,92400,50148,0.5427,0.5427,630,481,0.7635,0.7635,1.38,9.11,8.54,0.1173,0,,
urban,MQTT,25,25,84000,46322,0.5515,0.5191,600,443,0.7383,0.7150,8.37,409.93,208.56,0.1120,0,,
urban,MQTT,25,26,101200,57948,0.5726,0.5430,660,468,0.7091,0.6909,8.37,409.17,208.09,0.1227,0,,
urban,MQTT,25,27,101200,51103,0.5050,0.4730,660,478,0.7242,0.6985,8.41,409.79,209.36,0.1227,0,,
urban,MQTT,25,28,92400,54412,0.5889,0.5565,630,393,0.6238,0.5952,8.36,408.88,209.07,0.1173,0,,
urban,MQTT,25,29,92400,44487,0.4815,0.4498,630,437,0.6937,0.6714,8.41,410.87,209.12,0.1173,0,,
urban,QDAP,50,0,361200,223852,0.6197,0.6197,1260,976,0.7746,0.7746,1.64,10.02,2.57,0.2293,0,,
urban,QDAP,50,1,396000,274369,0.6929,0.6929,1320,931,0.7053,0.7053,1.71,10.24,2.49,0.2400,0,,
urban,QDAP,50,2,396000,269101,0.6795,0.6795,1320,902,0.6833,0.6833,1.67,10.23,2.58,0.2400,0,,
urban,QDAP,50,3,344400,204354,0.5934,0.5934,1230,578,0.4699,0.4699,1.67,10.13,2.82,0.2240,0,,
urban,QDAP,50,4,451200,300477,0.6660,0.6660,1410,1186,0.8411,0.8411,1.65,10.19,2.98,0.2560,0,,
urban,DSRC 802.11p,50,5,361200,198131,0.5485,0.5485,1260,741,0.5881,0.5881,0.55,2.50,2.72,0.2293,0,,
urban,DSRC 802.11p,50,6,396000,244501,0.6174,0.6174,1320,663,0.5023,0.5023,0.55,2.50,2.34,0.2400,0,,
urban,DSRC 802.11p,50,7,396000,240850,0.6082,0.6082,1320,648,0.4909,0.4909,0.55,2.52,2.53,0.2400,0,,
urban,DSRC 802.11p,50,8,344400,179418,0.5210,0.5210,1230,386,0.3138,0.3138,0.55,2.51,2.64,0.2240,0,,
urban,DSRC 802.11p,50,9,451200,265008,0.5873,0.5873,1410,881,0.6248,0.6248,0.56,2.53,2.77,0.2560,0,,
urban,802.11bd,50,10,361200,239245,0.6624,0.6624,1260,1015,0.8056,0.8056,0.34,1.51,1.42,0.2293,0,,
urban,802.11bd,50,11,396000,287379,0.7257,0.7257,1320,948,0.7182,0.7182,0.34,1.51,1.72,0.2400,0,,
urban,802.11bd,50,12,396000,283466,0.7158,0.7158,1320,916,0.6939,0.6939,0.34,1.51,1.45,0.2400,0,,
urban,802.11bd,50,13,344400,218808,0.6353,0.6353,1230,595,0.4837,0.4837,0.34,1.50,1.67,0.2240,0,,
urban,802.11bd,50,14,451200,315263,0.6987,0.6987,1410,1179,0.8362,0.8362,0.34,1.51,1.57,0.2560,0,,
urban,C-V2X Mode 4,50,15,361200,215682,0.5971,0.5867,1260,914,0.7254,0.3667,51.57,100.76,99.93,0.2293,0,,
urban,C-V2X Mode 4,50,16,396000,260583,0.6580,0.6461,1320,835,0.6326,0.3273,51.81,100.80,99.67,0.2400,0,,
urban,C-V2X Mode 4,50,17,396000,256806,0.6485,0.6371,1320,830,0.6288,0.3212,51.76,100.76,99.61,0.2400,0,,
urban,C-V2X Mode 4,50,18,344400,196139,0.5695,0.5594,1230,506,0.4114,0.1976,51.96,100.79,100.65,0.2240,0,,
urban,C-V2X Mode 4,50,19,451200,284566,0.6307,0.6195,1410,1085,0.7695,0.3830,51.78,100.76,100.43,0.2560,0,,
urban,UDP,50,20,361200,197962,0.5481,0.5481,1260,882,0.7000,0.7000,1.38,9.20,9.24,0.2293,0,,
urban,UDP,50,21,396000,245865,0.6209,0.6209,1320,781,0.5917,0.5917,1.39,9.27,8.97,0.2400,0,,
urban,UDP,50,22,396000,241802,0.6106,0.6106,1320,766,0.5803,0.5803,1.38,9.21,9.32,0.2400,0,,
urban,UDP,50,23,344400,178352,0.5179,0.5179,1230,448,0.3642,0.3642,1.38,9.20,10.39,0.2240,0,,
urban,UDP,50,24,451200,267059,0.5919,0.5919,1410,1063,0.7539,0.7539,1.38,9.24,9.25,0.2560,0,,
urban,MQTT,50,25,361200,176834,0.4896,0.4592,1260,774,0.6143,0.5984,11.77,417.12,212.18,0.2293,0,,
urban,MQTT,50,26,396000,223414,0.5642,0.5325,1320,687,0.5205,0.4962,11.73,414.27,219.42,0.2400,0,,
urban,MQTT,50,27,396000,219520,0.5543,0.5225,1320,678,0.5136,0.4962,11.72,415.24,216.28,0.2400,0,,
urban,MQTT,50,28,344400,158779,0.4610,0.4303,1230,381,0.3098,0.2878,11.82,418.91,219.76,0.2240,0,,
urban,MQTT,50,29,451200,240389,0.5328,0.5007,1410,975,0.6915,0.6709,11.79,416.14,212.76,0.2560,0,,
urban,QDAP,75,0,938400,576287,0.6141,0.6141,2040,1350,0.6618,0.6618,1.74,10.77,2.81,0.3680,0,,
urban,QDAP,75,1,938400,617518,0.6581,0.6581,2040,1444,0.7078,0.7078,1.72,10.67,2.75,0.3680,0,,
urban,QDAP,75,2,911200,619907,0.6803,0.6803,2010,1654,0.8229,0.8229,1.75,10.71,2.86,0.3627,0,,
urban,QDAP,75,3,832000,553059,0.6647,0.6647,1920,1437,0.7484,0.7484,1.67,10.55,2.97,0.3467,0,,
urban,QDAP,75,4,884400,610735,0.6906,0.6906,1980,1650,0.8333,0.8333,1.77,10.80,2.81,0.3573,0,,
urban,DSRC 802.11p,75,5,938400,483129,0.5148,0.5148,2040,867,0.4250,0.4250,0.58,2.53,2.24,0.3680,0,,
urban,DSRC 802.11p,75,6,938400,521453,0.5557,0.5557,2040,1027,0.5034,0.5034,0.58,2.53,2.44,0.3680,0,,
urban,DSRC 802.11p,75,7,911200,529178,0.5807,0.5807,2010,1196,0.5950,0.5950,0.58,2.54,2.68,0.3627,0,,
urban,DSRC 802.11p,75,8,832000,476030,0.5722,0.5722,1920,1044,0.5437,0.5437,0.58,2.54,2.40,0.3467,0,,
urban,DSRC 802.11p,75,9,884400,522287,0.5906,0.5906,1980,1232,0.6222,0.6222,0.58,2.53,2.52,0.3573,0,,
urban,802.11bd,75,10,938400,591740,0.6306,0.6306,2040,1314,0.6441,0.6441,0.36,1.52,1.53,0.3680,0,,
urban,802.11bd,75,11,938400,629026,0.6703,0.6703,2040,1431,0.7015,0.7015,0.35,1.53,1.47,0.3680,0,,
urban,802.11bd,75,12,911200,631150,0.6927,0.6927,2010,1596,0.7940,0.7940,0.36,1.53,1.45,0.3627,0,,
urban,802.11bd,75,13,832000,567096,0.6816,0.6816,1920,1391,0.7245,0.7245,0.36,1.53,1.65,0.3467,0,,
urban,802.11bd,75,14,884400,621296,0.7025,0.7025,1980,1599,0.8076,0.8076,0.35,1.54,1.46,0.3573,0,,
urban,C-V2X Mode 4,75,15,938400,531454,0.5663,0.5561,2040,1124,0.5510,0.2721,51.87,100.80,100.66,0.3680,0,,
urban,C-V2X Mode 4,75,16,938400,568240,0.6055,0.5944,2040,1318,0.6461,0.3157,51.87,100.81,100.53,0.3680,0,,
urban,C-V2X Mode 4,75,17,911200,571743,0.6275,0.6160,2010,1477,0.7348,0.3617,51.95,100.80,100.06,0.3627,0,,
urban,C-V2X Mode 4,75,18,832000,513737,0.6175,0.6063,1920,1286,0.6698,0.3328,51.82,100.81,100.63,0.3467,0,,
urban,C-V2X Mode 4,75,19,884400,562351,0.6359,0.6244,1980,1497,0.7561,0.3768,51.75,100.80,100.70,0.3573,0,,
urban,UDP,75,20,938400,506317,0.5396,0.5396,2040,1091,0.5348,0.5348,1.39,9.19,8.75,0.3680,0,,
urban,UDP,75,21,938400,548569,0.5846,0.5846,2040,1218,0.5971,0.5971,1.39,9.20,8.76,0.3680,0,,
urban,UDP,75,22,911200,556063,0.6103,0.6103,2010,1505,0.7488,0.7488,1.39,9.18,9.04,0.3627,0,,
urban,UDP,75,23,832000,496832,0.5972,0.5972,1920,1264,0.6583,0.6583,1.39,9.23,8.98,0.3467,0,,
urban,UDP,75,24,884400,547874,0.6195,0.6195,1980,1491,0.7530,0.7530,1.39,9.25,9.13,0.3573,0,,
urban,MQTT,75,25,938400,452148,0.4818,0.4504,2040,942,0.4618,0.3770,15.26,425.07,261.75,0.3680,0,,
urban,MQTT,75,26,938400,494864,0.5273,0.4956,2040,1074,0.5265,0.4172,15.17,421.39,260.80,0.3680,0,,
urban,MQTT,75,27,911200,503970,0.5531,0.5211,2010,1389,0.6910,0.5617,15.11,420.01,239.24,0.3627,0,,
urban,MQTT,75,28,832000,450192,0.5411,0.5098,1920,1156,0.6021,0.4969,15.11,419.90,236.98,0.3467,0,,
urban,MQTT,75,29,884400,497353,0.5624,0.5299,1980,1353,0.6833,0.5576,15.13,419.48,236.57,0.3573,0,,
urban,QDAP,100,0,1674400,1056259,0.6308,0.6308,2730,1962,0.7187,0.7187,1.85,11.33,2.84,0.4907,0,,
urban,QDAP,100,1,1748400,1185968,0.6783,0.6783,2790,2519,0.9029,0.9029,1.73,11.12,2.93,0.5013,0,,
urban,QDAP,100,2,1602000,1106132,0.6905,0.6905,2670,1959,0.7337,0.7337,1.80,11.21,2.90,0.4800,0,,
urban,QDAP,100,3,1786000,1171539,0.6560,0.6560,2820,1813,0.6429,0.6429,1.82,11.43,2.93,0.5067,0,,
urban,QDAP,100,4,1786000,1220462,0.6833,0.6833,2820,2083,0.7387,0.7387,1.82,11.37,3.08,0.5067,0,,
urban,DSRC 802.11p,100,5,1674400,826289,0.4935,0.4935,2730,1290,0.4725,0.4725,0.60,2.56,2.72,0.4907,0,,
urban,DSRC 802.11p,100,6,1748400,930901,0.5324,0.5324,2790,1765,0.6326,0.6326,0.61,2.56,2.80,0.5013,0,,
urban,DSRC 802.11p,100,7,1602000,886577,0.5534,0.5534,2670,1221,0.4573,0.4573,0.60,2.56,2.46,0.4800,0,,
urban,DSRC 802.11p,100,8,1786000,914145,0.5118,0.5118,2820,1154,0.4092,0.4092,0.61,2.57,2.66,0.5067,0,,
urban,DSRC 802.11p,100,9,1786000,958517,0.5367,0.5367,2820,1390,0.4929,0.4929,0.61,2.57,2.40,0.5067,0,,
urban,802.11bd,100,10,1674400,1028199,0.6141,0.6141,2730,1851,0.6780,0.6780,0.38,1.55,1.48,0.4907,0,,
urban,802.11bd,100,11,1748400,1137167,0.6504,0.6504,2790,2278,0.8165,0.8165,0.38,1.55,1.56,0.5013,0,,
urban,802.11bd,100,12,1602000,1074581,0.6708,0.6708,2670,1830,0.6854,0.6854,0.38,1.55,1.73,0.4800,0,,
urban,802.11bd,100,13,1786000,1126351,0.6307,0.6307,2820,1632,0.5787,0.5787,0.38,1.55,1.44,0.5067,0,,
urban,802.11bd,100,14,1786000,1167634,0.6538,0.6538,2820,1971,0.6989,0.6989,0.38,1.56,1.61,0.5067,0,,
urban,C-V2X Mode 4,100,15,1674400,938715,0.5606,0.5506,2730,1697,0.6216,0.3062,51.73,100.79,100.24,0.4907,0,,
urban,C-V2X Mode 4,100,16,1748400,1047671,0.5992,0.5883,2790,2178,0.7806,0.3903,51.78,100.79,100.43,0.5013,0,,
urban,C-V2X Mode 4,100,17,1602000,986792,0.6160,0.6049,2670,1646,0.6165,0.3052,51.84,100.79,100.17,0.4800,0,,
urban,C-V2X Mode 4,100,18,1786000,1036075,0.5801,0.5696,2820,1518,0.5383,0.2521,51.85,100.80,100.33,0.5067,0,,
urban,C-V2X Mode 4,100,19,1786000,1078096,0.6036,0.5928,2820,1823,0.6465,0.3121,51.74,100.79,100.39,0.5067,0,,
urban,UDP,100,20,1674400,930279,0.5556,0.5556,2730,1680,0.6154,0.6154,1.39,9.21,9.50,0.4907,0,,
urban,UDP,100,21,1748400,1059373,0.6059,0.6059,2790,2335,0.8369,0.8369,1.39,9.21,8.79,0.5013,0,,
urban,UDP,100,22,1602000,995624,0.6215,0.6215,2670,1604,0.6007,0.6007,1.39,9.19,9.61,0.4800,0,,
urban,UDP,100,23,1786000,1039345,0.5819,0.5819,2820,1505,0.5337,0.5337,5.64,25.60,27.10,0.5067,0,,
urban,UDP,100,24,1786000,1092420,0.6117,0.6117,2820,1818,0.6447,0.6447,5.65,25.67,27.89,0.5067,0,,
urban,MQTT,100,25,1674400,832516,0.4972,0.4642,2730,1512,0.5538,0.4106,18.64,430.76,259.17,0.4907,0,,
urban,MQTT,100,26,1748400,958377,0.5481,0.5147,2790,2235,0.8011,0.5871,18.53,425.18,245.41,0.5013,0,,
urban,MQTT,100,27,1602000,903719,0.5641,0.5304,2670,1406,0.5266,0.3861,18.51,425.26,281.19,0.4800,0,,
urban,MQTT,100,28,1786000,940756,0.5267,0.4937,2820,1340,0.4752,0.3319,18.56,426.09,287.53,0.5067,0,,
urban,MQTT,100,29,1786000,994186,0.5567,0.5229,2820,1607,0.5699,0.4025,18.53,425.15,257.82,0.5067,0,,
highway,QDAP,10,0,8388,2007,0.2393,0.2393,120,30,0.2500,0.2500,1.62,9.85,3.23,0.0533,0,,
highway,QDAP,10,1,8362,2046,0.2447,0.2447,120,30,0.2500,0.2500,1.70,9.41,2.03,0.0533,0,,
highway,QDAP,10,2,8290,1973,0.2380,0.2380,120,30,0.2500,0.2500,1.67,9.05,1.98,0.0533,0,,
highway,QDAP,10,3,8312,2002,0.2409,0.2409,120,30,0.2500,0.2500,1.72,9.98,3.00,0.0533,0,,
highway,QDAP,10,4,8228,2057,0.2500,0.2500,120,30,0.2500,0.2500,1.63,8.83,2.81,0.0533,0,,
highway,DSRC 802.11p,10,5,8388,1999,0.2383,0.2383,120,26,0.2167,0.2167,0.49,2.38,1.85,0.0533,0,,
highway,DSRC 802.11p,10,6,8362,1999,0.2391,0.2391,120,25,0.2083,0.2083,0.51,2.44,1.87,0.0533,0,,
highway,DSRC 802.11p,10,7,8290,1931,0.2329,0.2329,120,28,0.2333,0.2333,0.50,2.48,1.84,0.0533,0,,
highway,DSRC 802.11p,10,8,8312,1996,0.2401,0.2401,120,26,0.2167,0.2167,0.51,2.45,1.64,0.0533,0,,
highway,DSRC 802.11p,10,9,8228,2005,0.2437,0.2437,120,28,0.2333,0.2333,0.49,2.47,1.39,0.0533,0,,
highway,802.11bd,10,10,8388,2022,0.2411,0.2411,120,30,0.2500,0.2500,0.31,1.45,1.02,0.0533,0,,
highway,802.11bd,10,11,8362,2101,0.2513,0.2513,120,37,0.3083,0.3083,0.31,1.45,1.27,0.0533,0,,
highway,802.11bd,10,12,8290,2010,0.2425,0.2425,120,30,0.2500,0.2500,0.30,1.44,1.08,0.0533,0,,
highway,802.11bd,10,13,8312,2013,0.2422,0.2422,120,30,0.2500,0.2500,0.31,1.45,1.22,0.0533,0,,
highway,802.11bd,10,14,8228,2076,0.2523,0.2523,120,30,0.2500,0.2500,0.31,1.53,0.68,0.0533,0,,
highway,C-V2X Mode 4,10,15,8388,1978,0.2358,0.2319,120,30,0.2500,0.1000,49.01,100.67,97.39,0.0533,0,,
highway,C-V2X Mode 4,10,16,8362,2040,0.2440,0.2401,120,34,0.2833,0.1750,51.31,100.63,96.86,0.0533,0,,
highway,C-V2X Mode 4,10,17,8290,1960,0.2364,0.2328,120,30,0.2500,0.1083,54.38,100.53,95.90,0.0533,0,,
highway,C-V2X Mode 4,10,18,8312,1988,0.2392,0.2346,120,29,0.2417,0.0833,53.24,100.78,95.22,0.0533,0,,
highway,C-V2X Mode 4,10,19,8228,2026,0.2462,0.2404,120,30,0.2500,0.0917,52.29,100.98,98.18,0.0533,0,,
highway,UDP,10,20,8388,1998,0.2382,0.2382,120,30,0.2500,0.2500,1.41,9.12,7.81,0.0533,0,,
highway,UDP,10,21,8362,2004,0.2397,0.2397,120,30,0.2500,0.2500,1.40,9.88,5.84,0.0533,0,,
highway,UDP,10,22,8290,1931,0.2329,0.2329,120,30,0.2500,0.2500,1.45,9.45,9.49,0.0533,0,,
highway,UDP,10,23,8312,1993,0.2398,0.2398,120,30,0.2500,0.2500,1.35,9.47,12.25,0.0533,0,,
highway,UDP,10,24,8228,2010,0.2443,0.2443,120,30,0.2500,0.2500,1.40,9.47,7.09,0.0533,0,,
highway,MQTT,10,25,8388,1990,0.2372,0.2370,120,30,0.2500,0.2500,7.17,14.32,13.58,0.0533,0,,
highway,MQTT,10,26,8362,1958,0.2342,0.2325,120,28,0.2333,0.2333,7.09,15.02,12.45,0.0533,0,,
highway,MQTT,10,27,8290,1907,0.2300,0.2275,120,30,0.2500,0.2500,7.14,205.84,13.08,0.0533,0,,
highway,MQTT,10,28,8312,1983,0.2386,0.2383,120,30,0.2500,0.2500,7.10,13.95,14.87,0.0533,0,,
highway,MQTT,10,29,8228,1978,0.2404,0.2393,120,30,0.2500,0.2500,7.15,14.09,10.34,0.0533,0,,
highway,QDAP,25,0,48630,19587,0.4028,0.4028,335,142,0.4239,0.4239,1.63,9.42,2.49,0.1333,0,,
highway,QDAP,25,1,49548,20429,0.4123,0.4123,337,163,0.4837,0.4837,1.68,9.48,2.99,0.1333,0,,
highway,QDAP,25,2,49292,20537,0.4166,0.4166,333,161,0.4835,0.4835,1.76,9.66,2.24,0.1333,0,,
highway,QDAP,25,3,49380,19808,0.4011,0.4011,343,166,0.4840,0.4840,1.60,9.45,2.70,0.1333,0,,
highway,QDAP,25,4,49216,19793,0.4022,0.4022,351,164,0.4672,0.4672,1.65,9.40,3.23,0.1333,0,,
highway,DSRC 802.11p,25,5,48630,17545,0.3608,0.3608,335,112,0.3343,0.3343,0.51,2.43,2.27,0.1333,0,,
highway,DSRC 802.11p,25,6,49548,18219,0.3677,0.3677,337,122,0.3620,0.3620,0.51,2.45,2.31,0.1333,0,,
highway,DSRC 802.11p,25,7,49292,18310,0.3715,0.3715,333,115,0.3453,0.3453,0.52,2.50,2.61,0.1333,0,,
highway,DSRC 802.11p,25,8,49380,17892,0.3623,0.3623,343,118,0.3440,0.3440,0.51,2.40,2.28,0.1333,0,,
highway,DSRC 802.11p,25,9,49216,17668,0.3590,0.3590,351,116,0.3305,0.3305,0.51,2.44,1.85,0.1333,0,,
highway,802.11bd,25,10,48630,21338,0.4388,0.4388,335,152,0.4537,0.4537,0.31,1.47,1.46,0.1333,0,,
highway,802.11bd,25,11,49548,22244,0.4489,0.4489,337,173,0.5134,0.5134,0.31,1.48,1.27,0.1333,0,,
highway,802.11bd,25,12,49292,22282,0.4520,0.4520,333,159,0.4775,0.4775,0.31,1.46,1.44,0.1333,0,,
highway,802.11bd,25,13,49380,21648,0.4384,0.4384,343,179,0.5219,0.5219,0.31,1.47,1.15,0.1333,0,,
highway,802.11bd,25,14,49216,21392,0.4347,0.4347,351,160,0.4558,0.4558,0.31,1.51,1.21,0.1333,0,,
highway,C-V2X Mode 4,25,15,48630,19482,0.4006,0.3934,335,147,0.4388,0.2030,51.85,100.78,100.35,0.1333,0,,
highway,C-V2X Mode 4,25,16,49548,20402,0.4118,0.4045,337,164,0.4866,0.2166,51.70,100.77,100.67,0.1333,0,,
highway,C-V2X Mode 4,25,17,49292,20462,0.4151,0.4081,333,142,0.4264,0.2222,51.89,100.73,99.92,0.1333,0,,
highway,C-V2X Mode 4,25,18,49380,19952,0.4041,0.3969,343,153,0.4461,0.2274,51.29,100.77,100.98,0.1333,0,,
highway,C-V2X Mode 4,25,19,49216,19809,0.4025,0.3955,351,158,0.4501,0.2108,51.75,100.82,99.92,0.1333,0,,
highway,UDP,25,20,48630,16812,0.3457,0.3457,335,128,0.3821,0.3821,1.36,9.15,8.79,0.1333,0,,
highway,UDP,25,21,49548,17555,0.3543,0.3543,337,150,0.4451,0.4451,1.38,9.09,6.65,0.1333,0,,
highway,UDP,25,22,49292,17615,0.3574,0.3574,333,133,0.3994,0.3994,1.41,9.50,8.00,0.1333,0,,
highway,UDP,25,23,49380,17130,0.3469,0.3469,343,141,0.4111,0.4111,1.39,9.31,7.07,0.1333,0,,
highway,UDP,25,24,49216,17195,0.3494,0.3494,351,131,0.3732,0.3732,1.41,9.23,9.34,0.1333,0,,
highway,MQTT,25,25,48630,14866,0.3057,0.2833,335,123,0.3672,0.3672,7.25,409.04,13.69,0.1333,0,,
highway,MQTT,25,26,49548,15718,0.3172,0.2945,337,108,0.3205,0.3056,7.25,409.45,207.26,0.1333,0,,
highway,MQTT,25,27,49292,15844,0.3214,0.2987,333,122,0.3664,0.3634,7.22,409.43,18.54,0.1333,0,,
highway,MQTT,25,28,49380,15182,0.3075,0.2861,343,128,0.3732,0.3499,7.21,408.55,208.68,0.1333,0,,
highway,MQTT,25,29,49216,15427,0.3135,0.2929,351,112,0.3191,0.3105,7.25,408.73,205.47,0.1333,0,,
highway,QDAP,50,0,209242,87642,0.4189,0.4189,700,305,0.4357,0.4357,1.66,9.86,2.41,0.2667,0,,
highway,QDAP,50,1,209158,89055,0.4258,0.4258,721,300,0.4161,0.4161,1.72,9.87,2.87,0.2667,0,,
highway,QDAP,50,2,209704,90267,0.4304,0.4304,697,317,0.4548,0.4548,1.77,9.87,2.90,0.2667,0,,
highway,QDAP,50,3,210398,87890,0.4177,0.4177,713,304,0.4264,0.4264,1.67,9.73,2.63,0.2667,0,,
highway,QDAP,50,4,211702,89023,0.4205,0.4205,691,311,0.4501,0.4501,1.68,9.81,2.75,0.2667,0,,
highway,DSRC 802.11p,50,5,209242,79309,0.3790,0.3790,700,228,0.3257,0.3257,0.53,2.45,1.91,0.2667,0,,
highway,DSRC 802.11p,50,6,209158,80977,0.3872,0.3872,721,227,0.3148,0.3148,0.52,2.48,2.33,0.2667,0,,
highway,DSRC 802.11p,50,7,209704,81597,0.3891,0.3891,697,235,0.3372,0.3372,0.53,2.53,2.56,0.2667,0,,
highway,DSRC 802.11p,50,8,210398,79638,0.3785,0.3785,713,223,0.3128,0.3128,0.52,2.47,1.70,0.2667,0,,
highway,DSRC 802.11p,50,9,211702,80316,0.3794,0.3794,691,245,0.3546,0.3546,0.53,2.47,2.97,0.2667,0,,
highway,802.11bd,50,10,209242,94211,0.4502,0.4502,700,317,0.4529,0.4529,0.32,1.49,1.39,0.2667,0,,
highway,802.11bd,50,11,209158,95966,0.4588,0.4588,721,309,0.4286,0.4286,0.32,1.50,1.67,0.2667,0,,
highway,802.11bd,50,12,209704,96730,0.4613,0.4613,697,327,0.4692,0.4692,0.32,1.49,1.31,0.2667,0,,
highway,802.11bd,50,13,210398,94498,0.4491,0.4491,713,313,0.4390,0.4390,0.32,1.49,1.37,0.2667,0,,
highway,802.11bd,50,14,211702,95717,0.4521,0.4521,691,328,0.4747,0.4747,0.32,1.49,1.32,0.2667,0,,
highway,C-V2X Mode 4,50,15,209242,86071,0.4113,0.4036,700,295,0.4214,0.2200,51.84,100.86,100.02,0.2667,0,,
highway,C-V2X Mode 4,50,16,209158,87642,0.4190,0.4116,721,288,0.3994,0.1928,51.51,100.80,101.41,0.2667,0,,
highway,C-V2X Mode 4,50,17,209704,88262,0.4209,0.4135,697,298,0.4275,0.1693,51.91,100.79,99.39,0.2667,0,,
highway,C-V2X Mode 4,50,18,210398,86427,0.4108,0.4033,713,297,0.4165,0.1767,52.17,100.82,100.46,0.2667,0,,
highway,C-V2X Mode 4,50,19,211702,87334,0.4125,0.4052,691,302,0.4370,0.2142,51.89,100.77,100.06,0.2667,0,,
highway,UDP,50,20,209242,77815,0.3719,0.3719,700,267,0.3814,0.3814,1.39,9.16,9.93,0.2667,0,,
highway,UDP,50,21,209158,79281,0.3790,0.3790,721,261,0.3620,0.3620,1.39,9.19,9.63,0.2667,0,,
highway,UDP,50,22,209704,80123,0.3821,0.3821,697,273,0.3917,0.3917,1.40,9.39,11.63,0.2667,0,,
highway,UDP,50,23,210398,77972,0.3706,0.3706,713,277,0.3885,0.3885,1.37,9.14,8.86,0.2667,0,,
highway,UDP,50,24,211702,78788,0.3722,0.3722,691,290,0.4197,0.4197,1.39,9.05,7.65,0.2667,0,,
highway,MQTT,50,25,209242,70477,0.3368,0.3199,700,261,0.3729,0.3529,8.55,409.77,213.18,0.2667,0,,
highway,MQTT,50,26,209158,72159,0.3450,0.3269,721,238,0.3301,0.3204,8.52,409.57,213.82,0.2667,0,,
highway,MQTT,50,27,209704,72564,0.3460,0.3277,697,246,0.3529,0.3458,8.54,409.68,208.96,0.2667,0,,
highway,MQTT,50,28,210398,70644,0.3358,0.3180,713,251,0.3520,0.3478,8.60,409.21,117.16,0.2667,0,,
highway,MQTT,50,29,211702,71296,0.3368,0.3189,691,248,0.3589,0.3502,8.59,409.66,206.52,0.2667,0,,
highway,QDAP,75,0,479404,206621,0.4310,0.4310,1077,496,0.4605,0.4605,1.71,10.02,2.51,0.4000,0,,
highway,QDAP,75,1,479530,206931,0.4315,0.4315,1057,501,0.4740,0.4740,1.71,10.08,2.79,0.4000,0,,
highway,QDAP,75,2,475594,209675,0.4409,0.4409,1082,470,0.4344,0.4344,1.81,10.29,2.79,0.4000,0,,
highway,QDAP,75,3,483242,208116,0.4307,0.4307,1102,513,0.4655,0.4655,1.71,10.12,2.99,0.4000,0,,
highway,QDAP,75,4,478766,205049,0.4283,0.4283,1012,480,0.4743,0.4743,1.67,10.03,3.04,0.4000,0,,
highway,DSRC 802.11p,75,5,479404,186072,0.3881,0.3881,1077,376,0.3491,0.3491,0.54,2.49,2.10,0.4000,0,,
highway,DSRC 802.11p,75,6,479530,185903,0.3877,0.3877,1057,367,0.3472,0.3472,0.54,2.49,2.54,0.4000,0,,
highway,DSRC 802.11p,75,7,475594,189277,0.3980,0.3980,1082,355,0.3281,0.3281,0.54,2.52,3.29,0.4000,0,,
highway,DSRC 802.11p,75,8,483242,187437,0.3879,0.3879,1102,388,0.3521,0.3521,0.54,2.49,2.46,0.4000,0,,
highway,DSRC 802.11p,75,9,478766,184610,0.3856,0.3856,1012,359,0.3547,0.3547,0.54,2.50,2.33,0.4000,0,,
highway,802.11bd,75,10,479404,219419,0.4577,0.4577,1077,482,0.4475,0.4475,0.33,1.49,1.41,0.4000,0,,
highway,802.11bd,75,11,479530,219578,0.4579,0.4579,1057,507,0.4797,0.4797,0.33,1.51,1.43,0.4000,0,,
highway,802.11bd,75,12,475594,222734,0.4683,0.4683,1082,489,0.4519,0.4519,0.33,1.50,1.49,0.4000,0,,
highway,802.11bd,75,13,483242,220780,0.4569,0.4569,1102,501,0.4546,0.4546,0.33,1.49,1.51,0.4000,0,,
highway,802.11bd,75,14,478766,217987,0.4553,0.4553,1012,482,0.4763,0.4763,0.33,1.51,1.49,0.4000,0,,
highway,C-V2X Mode 4,75,15,479404,199662,0.4165,0.4089,1077,461,0.4280,0.2145,51.84,100.79,100.14,0.4000,0,,
highway,C-V2X Mode 4,75,16,479530,199836,0.4167,0.4093,1057,444,0.4201,0.2072,51.59,100.80,99.86,0.4000,0,,
highway,C-V2X Mode 4,75,17,475594,202568,0.4259,0.4184,1082,452,0.4177,0.2006,51.74,100.76,100.17,0.4000,0,,
highway,C-V2X Mode 4,75,18,483242,200335,0.4146,0.4073,1102,463,0.4201,0.2069,51.87,100.76,99.54,0.4000,0,,
highway,C-V2X Mode 4,75,19,478766,197912,0.4134,0.4060,1012,426,0.4209,0.2233,51.86,100.80,100.24,0.4000,0,,
highway,UDP,75,20,479404,184473,0.3848,0.3848,1077,429,0.3983,0.3983,1.39,9.21,8.99,0.4000,0,,
highway,UDP,75,21,479530,184423,0.3846,0.3846,1057,428,0.4049,0.4049,1.38,9.21,8.32,0.4000,0,,
highway,UDP,75,22,475594,187419,0.3941,0.3941,1082,406,0.3752,0.3752,1.39,9.25,8.56,0.4000,0,,
highway,UDP,75,23,483242,185441,0.3837,0.3837,1102,454,0.4120,0.4120,1.39,9.25,8.94,0.4000,0,,
highway,UDP,75,24,478766,182790,0.3818,0.3818,1012,417,0.4121,0.4121,1.38,9.20,7.40,0.4000,0,,
highway,MQTT,75,25,479404,167659,0.3497,0.3326,1077,388,0.3603,0.3473,9.98,410.26,218.19,0.4000,0,,
highway,MQTT,75,26,479530,167987,0.3503,0.3328,1057,393,0.3718,0.3576,9.99,410.75,220.14,0.4000,0,,
highway,MQTT,75,27,475594,170701,0.3589,0.3412,1082,390,0.3604,0.3549,9.93,410.55,207.38,0.4000,0,,
highway,MQTT,75,28,483242,169088,0.3499,0.3324,1102,410,0.3721,0.3630,10.02,410.29,211.25,0.4000,0,,
highway,MQTT,75,29,478766,166305,0.3474,0.3297,1012,374,0.3696,0.3547,9.99,410.82,212.15,0.4000,0,,
highway,QDAP,100,0,851840,371971,0.4367,0.4367,1346,574,0.4264,0.4264,1.70,10.22,2.57,0.5333,0,,
highway,QDAP,100,1,853020,373105,0.4374,0.4374,1423,645,0.4533,0.4533,1.74,10.32,3.04,0.5333,0,,
highway,QDAP,100,2,857226,379610,0.4428,0.4428,1475,648,0.4393,0.4393,1.83,10.43,2.88,0.5333,0,,
highway,QDAP,100,3,853652,371599,0.4353,0.4353,1459,649,0.4448,0.4448,1.73,10.29,3.19,0.5333,0,,
highway,QDAP,100,4,856974,373310,0.4356,0.4356,1449,651,0.4493,0.4493,1.72,10.30,3.08,0.5333,0,,
highway,DSRC 802.11p,100,5,851840,330492,0.3880,0.3880,1346,429,0.3187,0.3187,0.55,2.50,2.34,0.5333,0,,
highway,DSRC 802.11p,100,6,853020,331280,0.3884,0.3884,1423,474,0.3331,0.3331,0.55,2.51,2.38,0.5333,0,,
highway,DSRC 802.11p,100,7,857226,337463,0.3937,0.3937,1475,476,0.3227,0.3227,0.55,2.50,2.78,0.5333,0,,
highway,DSRC 802.11p,100,8,853652,329965,0.3865,0.3865,1459,468,0.3208,0.3208,0.55,2.49,2.70,0.5333,0,,
highway,DSRC 802.11p,100,9,856974,331842,0.3872,0.3872,1449,460,0.3175,0.3175,0.55,2.52,2.33,0.5333,0,,
highway,802.11bd,100,10,851840,390076,0.4579,0.4579,1346,601,0.4465,0.4465,0.34,1.51,1.41,0.5333,0,,
highway,802.11bd,100,11,853020,391729,0.4592,0.4592,1423,617,0.4336,0.4336,0.34,1.52,1.67,0.5333,0,,
highway,802.11bd,100,12,857226,398201,0.4645,0.4645,1475,633,0.4292,0.4292,0.34,1.51,1.46,0.5333,0,,
highway,802.11bd,100,13,853652,390172,0.4571,0.4571,1459,652,0.4469,0.4469,0.34,1.51,1.49,0.5333,0,,
highway,802.11bd,100,14,856974,391882,0.4573,0.4573,1449,628,0.4334,0.4334,0.34,1.52,1.32,0.5333,0,,
highway,C-V2X Mode 4,100,15,851840,353707,0.4152,0.4075,1346,508,0.3774,0.1686,51.80,100.84,100.80,0.5333,0,,
highway,C-V2X Mode 4,100,16,853020,354551,0.4156,0.4082,1423,595,0.4181,0.1982,51.77,100.78,100.78,0.5333,0,,
highway,C-V2X Mode 4,100,17,857226,360454,0.4205,0.4129,1475,583,0.3953,0.1878,51.92,100.79,100.44,0.5333,0,,
highway,C-V2X Mode 4,100,18,853652,353006,0.4135,0.4061,1459,594,0.4071,0.2008,51.84,100.81,100.30,0.5333,0,,
highway,C-V2X Mode 4,100,19,856974,354439,0.4136,0.4061,1449,592,0.4086,0.2091,51.92,100.81,99.81,0.5333,0,,
highway,UDP,100,20,851840,332944,0.3909,0.3909,1346,518,0.3848,0.3848,1.38,9.17,8.08,0.5333,0,,
highway,UDP,100,21,853020,333492,0.3910,0.3910,1423,566,0.3978,0.3978,1.39,9.23,10.78,0.5333,0,,
highway,UDP,100,22,857226,339692,0.3963,0.3963,1475,582,0.3946,0.3946,1.38,9.22,8.51,0.5333,0,,
highway,UDP,100,23,853652,332633,0.3897,0.3897,1459,582,0.3989,0.3989,1.38,9.23,8.97,0.5333,0,,
highway,UDP,100,24,856974,333890,0.3896,0.3896,1449,556,0.3837,0.3837,1.39,9.23,10.01,0.5333,0,,
highway,MQTT,100,25,851840,304119,0.3570,0.3393,1346,452,0.3358,0.3217,11.58,412.14,215.43,0.5333,0,,
highway,MQTT,100,26,853020,304561,0.3570,0.3395,1423,498,0.3500,0.3197,11.64,412.62,212.31,0.5333,0,,
highway,MQTT,100,27,857226,310122,0.3618,0.3438,1475,541,0.3668,0.3336,11.70,412.21,221.83,0.5333,0,,
highway,MQTT,100,28,853652,303889,0.3560,0.3386,1459,527,0.3612,0.3427,11.63,412.82,212.91,0.5333,0,,
highway,MQTT,100,29,856974,304519,0.3553,0.3376,1449,509,0.3513,0.3216,11.61,412.30,212.80,0.5333,0,,
cascade,QDAP,10,0,7846,2078,0.2648,0.2648,459,227,0.4946,0.4946,1.36,8.95,2.72,0.0533,3,7733.97,11840.96
cascade,QDAP,10,1,7838,2172,0.2771,0.2771,513,262,0.5107,0.5107,1.66,9.27,2.26,0.0533,3,6267.07,9720.58
cascade,QDAP,10,2,7768,2044,0.2631,0.2631,496,238,0.4798,0.4798,1.55,9.03,2.55,0.0533,3,7067.52,11800.70
cascade,QDAP,10,3,7792,2107,0.2704,0.2704,508,249,0.4902,0.4902,1.55,9.52,2.70,0.0533,3,6901.01,10630.92
cascade,QDAP,10,4,7812,2130,0.2727,0.2727,504,274,0.5437,0.5437,1.45,8.53,3.08,0.0533,3,6268.64,9403.21
cascade,DSRC 802.11p,10,5,7846,2061,0.2627,0.2627,459,184,0.4009,0.4009,0.49,2.29,1.86,0.0533,3,7734.26,11840.29
cascade,DSRC 802.11p,10,6,7838,2118,0.2702,0.2702,513,201,0.3918,0.3918,0.51,2.25,2.25,0.0533,3,6267.36,9721.05
cascade,DSRC 802.11p,10,7,7768,2014,0.2593,0.2593,496,189,0.3810,0.3810,0.51,2.54,1.84,0.0533,3,7100.39,11800.47
cascade,DSRC 802.11p,10,8,7792,2082,0.2672,0.2672,508,203,0.3996,0.3996,0.51,2.36,2.94,0.0533,3,6900.81,10630.84
cascade,DSRC 802.11p,10,9,7812,2112,0.2704,0.2704,504,213,0.4226,0.4226,0.52,2.37,2.59,0.0533,3,6334.14,9580.96
cascade,802.11bd,10,10,7846,2095,0.2670,0.2670,459,232,0.5054,0.5054,0.31,1.55,1.52,0.0533,3,7733.73,11840.44
cascade,802.11bd,10,11,7838,2238,0.2855,0.2855,513,269,0.5244,0.5244,0.30,1.40,1.57,0.0533,3,6266.94,9720.25
cascade,802.11bd,10,12,7768,2068,0.2662,0.2662,496,249,0.5020,0.5020,0.30,1.53,1.75,0.0533,3,7066.89,11800.43
cascade,802.11bd,10,13,7792,2123,0.2725,0.2725,508,250,0.4921,0.4921,0.31,1.46,1.38,0.0533,3,6900.70,10631.32
cascade,802.11bd,10,14,7812,2187,0.2800,0.2800,504,266,0.5278,0.5278,0.31,1.48,1.51,0.0533,3,6266.82,9400.33
cascade,C-V2X Mode 4,10,15,7846,2052,0.2615,0.2573,459,221,0.4815,0.2462,52.84,100.70,98.13,0.0533,3,7769.51,11863.61
cascade,C-V2X Mode 4,10,16,7838,2162,0.2758,0.2710,513,262,0.5107,0.2749,51.77,100.65,99.19,0.0533,3,6314.17,9779.70
cascade,C-V2X Mode 4,10,17,7768,2019,0.2599,0.2573,496,232,0.4677,0.2540,52.50,100.03,99.62,0.0533,3,7109.40,11862.14
cascade,C-V2X Mode 4,10,18,7792,2079,0.2668,0.2609,508,235,0.4626,0.2087,52.69,101.20,100.13,0.0533,3,6950.50,10696.57
cascade,C-V2X Mode 4,10,19,7812,2130,0.2727,0.2675,504,255,0.5060,0.2440,53.39,100.80,99.28,0.0533,3,6329.49,9471.32
cascade,UDP,10,20,7846,2056,0.2620,0.2620,459,217,0.4728,0.4728,1.40,9.16,8.72,0.0533,3,7769.55,11933.38
cascade,UDP,10,21,7838,2115,0.2698,0.2698,513,246,0.4795,0.4795,1.39,9.39,6.23,0.0533,3,6267.85,9721.74
cascade,UDP,10,22,7768,1994,0.2567,0.2567,496,229,0.4617,0.4617,1.32,8.96,8.11,0.0533,3,7070.47,11807.38
cascade,UDP,10,23,7792,2080,0.2669,0.2669,508,234,0.4606,0.4606,1.44,9.44,9.47,0.0533,3,6934.36,10640.03
cascade,UDP,10,24,7812,2117,0.2710,0.2710,504,234,0.4643,0.4643,1.42,9.11,8.70,0.0533,3,6302.30,9492.84
cascade,MQTT,10,25,7846,2030,0.2587,0.2578,459,206,0.4488,0.4444,7.08,13.63,14.19,0.0533,3,7739.41,11845.69
cascade,MQTT,10,26,7838,2042,0.2605,0.2578,513,236,0.4600,0.4600,7.06,18.03,13.88,0.0533,3,6274.89,9726.95
cascade,MQTT,10,27,7768,1950,0.2510,0.2473,496,217,0.4375,0.4294,7.07,207.24,206.96,0.0533,3,7106.97,11816.03
cascade,MQTT,10,28,7792,2063,0.2648,0.2635,508,230,0.4528,0.4409,7.10,15.97,207.31,0.0533,3,6939.45,10726.43
cascade,MQTT,10,29,7812,2068,0.2647,0.2619,504,230,0.4563,0.4444,7.08,205.89,206.88,0.0533,3,6273.84,9406.93
cascade,QDAP,25,0,47904,19547,0.4080,0.4080,1497,707,0.4723,0.4723,1.58,9.23,2.89,0.1333,11,6109.97,15551.38
cascade,QDAP,25,1,48860,19915,0.4076,0.4076,1544,748,0.4845,0.4845,1.64,9.63,2.75,0.1333,11,4682.67,14001.23
cascade,QDAP,25,2,48336,20032,0.4144,0.4144,1617,829,0.5127,0.5127,1.71,9.49,2.78,0.1333,14,5886.89,16815.42
cascade,QDAP,25,3,48706,19471,0.3998,0.3998,1552,741,0.4774,0.4774,1.58,9.50,2.71,0.1333,13,5169.99,15521.30
cascade,QDAP,25,4,48482,19447,0.4011,0.4011,1523,759,0.4984,0.4984,1.59,9.05,2.76,0.1333,12,4134.25,13091.54
cascade,DSRC 802.11p,25,5,47904,17309,0.3613,0.3613,1497,558,0.3727,0.3727,0.51,2.45,2.45,0.1333,11,6173.42,15650.73
cascade,DSRC 802.11p,25,6,48860,17825,0.3648,0.3648,1544,584,0.3782,0.3782,0.51,2.47,2.25,0.1333,11,4755.05,14000.93
cascade,DSRC 802.11p,25,7,48336,17939,0.3711,0.3711,1617,669,0.4137,0.4137,0.51,2.50,2.44,0.1333,13,6385.27,16860.42
cascade,DSRC 802.11p,25,8,48706,17389,0.3570,0.3570,1552,583,0.3756,0.3756,0.52,2.54,2.69,0.1333,12,5667.38,15660.55
cascade,DSRC 802.11p,25,9,48482,17483,0.3606,0.3606,1523,580,0.3808,0.3808,0.51,2.43,2.52,0.1333,10,4870.71,13365.60
cascade,802.11bd,25,10,47904,21207,0.4427,0.4427,1497,735,0.4910,0.4910,0.31,1.45,1.31,0.1333,12,5617.15,15445.60
cascade,802.11bd,25,11,48860,21647,0.4430,0.4430,1544,770,0.4987,0.4987,0.31,1.52,1.44,0.1333,11,4718.58,14000.32
cascade,802.11bd,25,12,48336,21788,0.4508,0.4508,1617,830,0.5133,0.5133,0.31,1.47,1.49,0.1333,14,5829.01,16850.59
cascade,802.11bd,25,13,48706,21183,0.4349,0.4349,1552,777,0.5006,0.5006,0.31,1.49,1.61,0.1333,13,5177.17,15520.07
cascade,802.11bd,25,14,48482,21060,0.4344,0.4344,1523,764,0.5016,0.5016,0.31,1.48,1.46,0.1333,12,4158.70,13090.18
cascade,C-V2X Mode 4,25,15,47904,19573,0.4086,0.4014,1497,676,0.4516,0.2391,51.72,100.75,100.36,0.1333,12,5701.93,15510.40
cascade,C-V2X Mode 4,25,16,48860,19957,0.4085,0.4011,1544,685,0.4437,0.2273,51.62,100.71,100.18,0.1333,11,4702.11,14098.59
cascade,C-V2X Mode 4,25,17,48336,20158,0.4170,0.4107,1617,776,0.4799,0.2393,51.69,100.71,100.52,0.1333,13,6332.04,16905.04
cascade,C-V2X Mode 4,25,18,48706,19455,0.3994,0.3919,1552,725,0.4671,0.2268,51.95,100.85,100.00,0.1333,13,5423.90,15575.85
cascade,C-V2X Mode 4,25,19,48482,19423,0.4006,0.3936,1523,723,0.4747,0.2482,51.37,100.79,100.65,0.1333,12,4123.25,13136.04
cascade,UDP,25,20,47904,16760,0.3499,0.3499,1497,636,0.4248,0.4248,1.38,9.01,7.86,0.1333,11,6111.84,15554.07
cascade,UDP,25,21,48860,17211,0.3523,0.3523,1544,650,0.4210,0.4210,1.40,9.28,9.44,0.1333,11,4820.16,14001.29
cascade,UDP,25,22,48336,17488,0.3618,0.3618,1617,740,0.4576,0.4576,1.40,9.09,9.10,0.1333,14,5973.08,16815.86
cascade,UDP,25,23,48706,16758,0.3441,0.3441,1552,685,0.4414,0.4414,1.39,9.04,9.74,0.1333,13,5324.95,15524.46
cascade,UDP,25,24,48482,16869,0.3479,0.3479,1523,681,0.4471,0.4471,1.38,9.49,9.99,0.1333,11,4483.61,13202.30
cascade,MQTT,25,25,47904,14890,0.3108,0.2886,1497,585,0.3908,0.3828,7.21,409.20,207.21,0.1333,11,6134.66,15557.56
cascade,MQTT,25,26,48860,15339,0.3139,0.2931,1544,620,0.4016,0.3925,7.23,409.49,207.33,0.1333,10,5108.16,14228.64
cascade,MQTT,25,27,48336,15433,0.3193,0.2976,1617,674,0.4168,0.4094,7.22,408.64,207.26,0.1333,12,6815.88,16912.06
cascade,MQTT,25,28,48706,14901,0.3059,0.2854,1552,625,0.4027,0.3943,7.21,408.32,206.61,0.1333,12,5699.65,15667.99
cascade,MQTT,25,29,48482,14992,0.3092,0.2888,1523,645,0.4235,0.4123,7.23,408.31,207.74,0.1333,10,4867.06,13317.63
cascade,QDAP,50,0,207376,87441,0.4217,0.4217,3019,1520,0.5035,0.5035,1.63,9.64,2.71,0.2667,26,6304.73,16975.43
cascade,QDAP,50,1,207240,88672,0.4279,0.4279,3038,1554,0.5115,0.5115,1.69,9.82,2.93,0.2667,24,5305.27,15415.77
cascade,QDAP,50,2,208164,89449,0.4297,0.4297,3042,1549,0.5092,0.5092,1.75,9.83,2.97,0.2667,23,4787.79,14461.03
cascade,QDAP,50,3,208618,87753,0.4206,0.4206,3153,1625,0.5154,0.5154,1.66,9.86,2.79,0.2667,24,5350.83,15620.69
cascade,QDAP,50,4,209668,88699,0.4230,0.4230,2971,1455,0.4897,0.4897,1.66,9.73,2.88,0.2667,22,5128.31,13671.26
cascade,DSRC 802.11p,50,5,207376,79277,0.3823,0.3823,3019,1230,0.4074,0.4074,0.53,2.47,2.35,0.2667,26,6327.56,17075.56
cascade,DSRC 802.11p,50,6,207240,80582,0.3888,0.3888,3038,1206,0.3970,0.3970,0.52,2.49,2.68,0.2667,22,5809.74,15607.21
cascade,DSRC 802.11p,50,7,208164,81098,0.3896,0.3896,3042,1176,0.3866,0.3866,0.53,2.49,2.87,0.2667,22,5032.50,14625.53
cascade,DSRC 802.11p,50,8,208618,79241,0.3798,0.3798,3153,1284,0.4072,0.4072,0.52,2.47,2.48,0.2667,24,5408.94,15635.63
cascade,DSRC 802.11p,50,9,209668,79861,0.3809,0.3809,2971,1172,0.3945,0.3945,0.53,2.48,2.43,0.2667,22,5137.04,13675.92
cascade,802.11bd,50,10,207376,93873,0.4527,0.4527,3019,1571,0.5204,0.5204,0.32,1.49,1.50,0.2667,26,6300.40,16975.26
cascade,802.11bd,50,11,207240,95382,0.4602,0.4602,3038,1579,0.5197,0.5197,0.32,1.49,1.53,0.2667,24,5358.72,15415.63
cascade,802.11bd,50,12,208164,95987,0.4611,0.4611,3042,1556,0.5115,0.5115,0.32,1.48,1.49,0.2667,23,4761.38,14460.15
cascade,802.11bd,50,13,208618,94028,0.4507,0.4507,3153,1641,0.5205,0.5205,0.32,1.49,1.47,0.2667,24,5296.25,15620.27
cascade,802.11bd,50,14,209668,95267,0.4544,0.4544,2971,1525,0.5133,0.5133,0.32,1.49,1.40,0.2667,22,5132.28,13670.33
cascade,C-V2X Mode 4,50,15,207376,85933,0.4144,0.4070,3019,1462,0.4843,0.2458,51.76,100.79,100.35,0.2667,26,6362.52,17001.84
cascade,C-V2X Mode 4,50,16,207240,87321,0.4214,0.4136,3038,1479,0.4868,0.2370,51.70,100.80,100.58,0.2667,24,5440.03,15462.64
cascade,C-V2X Mode 4,50,17,208164,87947,0.4225,0.4153,3042,1447,0.4757,0.2410,51.82,100.73,100.35,0.2667,23,4809.73,14534.81
cascade,C-V2X Mode 4,50,18,208618,86017,0.4123,0.4047,3153,1573,0.4989,0.2445,52.06,100.79,99.84,0.2667,23,5592.74,15764.55
cascade,C-V2X Mode 4,50,19,209668,86990,0.4149,0.4077,2971,1395,0.4695,0.2201,51.78,100.79,100.39,0.2667,23,4927.62,13671.42
cascade,UDP,50,20,207376,77672,0.3745,0.3745,3019,1404,0.4651,0.4651,1.40,9.25,9.53,0.2667,26,6356.17,16977.44
cascade,UDP,50,21,207240,78883,0.3806,0.3806,3038,1388,0.4569,0.4569,1.39,9.20,8.61,0.2667,24,5289.28,15415.43
cascade,UDP,50,22,208164,79229,0.3806,0.3806,3042,1399,0.4599,0.4599,1.38,9.20,8.99,0.2667,23,4775.82,14460.43
cascade,UDP,50,23,208618,77767,0.3728,0.3728,3153,1471,0.4665,0.4665,1.38,9.20,9.06,0.2667,24,5352.26,15626.07
cascade,UDP,50,24,209668,78536,0.3746,0.3746,2971,1331,0.4480,0.4480,1.39,9.18,9.08,0.2667,23,4997.44,13642.51
cascade,MQTT,50,25,207376,70693,0.3409,0.3234,3019,1316,0.4359,0.4289,8.47,409.20,206.45,0.2667,25,6692.17,17069.58
cascade,MQTT,50,26,207240,71606,0.3455,0.3279,3038,1306,0.4299,0.4190,8.41,408.94,209.08,0.2667,22,5825.97,15612.04
cascade,MQTT,50,27,208164,71904,0.3454,0.3277,3042,1322,0.4346,0.4257,8.49,409.27,208.83,0.2667,22,4981.17,14537.07
cascade,MQTT,50,28,208618,70553,0.3382,0.3202,3153,1384,0.4389,0.4244,8.49,409.18,208.83,0.2667,24,5416.86,15646.82
cascade,MQTT,50,29,209668,71317,0.3401,0.3227,2971,1244,0.4187,0.4076,8.50,409.34,208.54,0.2667,21,5375.42,13708.19
cascade,QDAP,75,0,476214,204801,0.4301,0.4301,4263,1864,0.4373,0.4373,1.69,10.00,2.93,0.4000,35,5606.82,16820.34
cascade,QDAP,75,1,476868,204869,0.4296,0.4296,4360,1966,0.4509,0.4509,1.69,10.01,2.81,0.4000,34,5136.22,14376.31
cascade,QDAP,75,2,473198,208283,0.4402,0.4402,4316,2032,0.4708,0.4708,1.80,10.29,2.79,0.4000,34,5512.61,16400.45
cascade,QDAP,75,3,480196,205894,0.4288,0.4288,4378,1961,0.4479,0.4479,1.70,10.08,2.87,0.4000,34,5253.87,16150.71
cascade,QDAP,75,4,476044,203886,0.4283,0.4283,4344,2011,0.4629,0.4629,1.65,9.90,2.81,0.4000,34,5130.34,14401.31
cascade,DSRC 802.11p,75,5,476214,184395,0.3872,0.3872,4263,1465,0.3437,0.3437,0.54,2.47,2.52,0.4000,33,5982.69,17021.56
cascade,DSRC 802.11p,75,6,476868,184206,0.3863,0.3863,4360,1502,0.3445,0.3445,0.54,2.52,2.42,0.4000,32,5422.46,14425.62
cascade,DSRC 802.11p,75,7,473198,187343,0.3959,0.3959,4316,1585,0.3672,0.3672,0.54,2.50,2.28,0.4000,33,5667.25,16400.64
cascade,DSRC 802.11p,75,8,480196,185853,0.3870,0.3870,4378,1481,0.3383,0.3383,0.54,2.51,2.36,0.4000,32,5550.72,16250.58
cascade,DSRC 802.11p,75,9,476044,183347,0.3851,0.3851,4344,1513,0.3483,0.3483,0.54,2.50,2.41,0.4000,34,5171.18,14401.44
cascade,802.11bd,75,10,476214,217929,0.4576,0.4576,4263,1951,0.4577,0.4577,0.33,1.49,1.51,0.4000,35,5620.39,16820.21
cascade,802.11bd,75,11,476868,218081,0.4573,0.4573,4360,2000,0.4587,0.4587,0.33,1.51,1.35,0.4000,33,5239.87,14400.23
cascade,802.11bd,75,12,473198,221294,0.4677,0.4677,4316,2095,0.4854,0.4854,0.33,1.50,1.59,0.4000,34,5503.39,16400.30
cascade,802.11bd,75,13,480196,219056,0.4562,0.4562,4378,1983,0.4529,0.4529,0.33,1.50,1.49,0.4000,34,5212.19,16150.42
cascade,802.11bd,75,14,476044,216348,0.4545,0.4545,4344,2015,0.4639,0.4639,0.33,1.50,1.44,0.4000,34,5094.53,14400.54
cascade,C-V2X Mode 4,75,15,476214,198120,0.4160,0.4087,4263,1811,0.4248,0.2062,51.63,100.76,100.38,0.4000,35,5660.72,16874.54
cascade,C-V2X Mode 4,75,16,476868,198084,0.4154,0.4079,4360,1830,0.4197,0.2016,51.82,100.80,100.61,0.4000,34,5202.11,14421.94
cascade,C-V2X Mode 4,75,17,473198,201235,0.4253,0.4178,4316,1942,0.4500,0.2206,51.71,100.77,100.25,0.4000,34,5562.58,16414.92
cascade,C-V2X Mode 4,75,18,480196,199070,0.4146,0.4070,4378,1854,0.4235,0.2042,51.83,100.83,100.37,0.4000,34,5258.78,16228.92
cascade,C-V2X Mode 4,75,19,476044,196953,0.4137,0.4064,4344,1865,0.4293,0.2194,51.80,100.81,100.41,0.4000,34,5171.48,14412.41
cascade,UDP,75,20,476214,182756,0.3838,0.3838,4263,1682,0.3946,0.3946,1.39,9.23,9.15,0.4000,35,5630.55,16821.15
cascade,UDP,75,21,476868,182675,0.3831,0.3831,4360,1734,0.3977,0.3977,1.39,9.21,9.07,0.4000,33,5280.77,14400.71
cascade,UDP,75,22,473198,186031,0.3931,0.3931,4316,1812,0.4198,0.4198,1.38,9.20,9.21,0.4000,34,5525.38,16400.94
cascade,UDP,75,23,480196,183774,0.3827,0.3827,4378,1718,0.3924,0.3924,1.38,9.27,9.02,0.4000,33,5362.32,16203.02
cascade,UDP,75,24,476044,181483,0.3812,0.3812,4344,1786,0.4111,0.4111,1.39,9.25,9.80,0.4000,32,5399.02,14401.43
cascade,MQTT,75,25,476214,166261,0.3491,0.3316,4263,1534,0.3598,0.3498,9.93,410.45,211.07,0.4000,35,5663.69,16827.03
cascade,MQTT,75,26,476868,166599,0.3494,0.3318,4360,1595,0.3658,0.3553,9.96,410.75,211.70,0.4000,32,5489.91,14433.11
cascade,MQTT,75,27,473198,169294,0.3578,0.3397,4316,1700,0.3939,0.3839,9.91,410.71,209.46,0.4000,33,5724.07,16409.12
cascade,MQTT,75,28,480196,167524,0.3489,0.3317,4378,1596,0.3646,0.3543,9.97,410.50,210.34,0.4000,33,5445.08,16208.62
cascade,MQTT,75,29,476044,165326,0.3473,0.3299,4344,1629,0.3750,0.3660,9.94,410.46,208.95,0.4000,33,5445.08,14410.62
cascade,QDAP,100,0,847492,371429,0.4383,0.4383,6122,3031,0.4951,0.4951,1.69,10.15,2.92,0.5333,45,5034.18,15580.69
cascade,QDAP,100,1,849440,371830,0.4377,0.4377,5787,2385,0.4121,0.4121,1.73,10.32,2.83,0.5333,45,5667.68,15740.93
cascade,QDAP,100,2,853538,378175,0.4431,0.4431,5887,2861,0.4860,0.4860,1.82,10.48,2.86,0.5333,47,5817.86,16350.93
cascade,QDAP,100,3,849838,370729,0.4362,0.4362,5977,2906,0.4862,0.4862,1.72,10.29,2.89,0.5333,47,5856.30,16261.88
cascade,QDAP,100,4,853496,372059,0.4359,0.4359,5905,2747,0.4652,0.4652,1.72,10.26,2.78,0.5333,46,5494.26,15575.67
cascade,DSRC 802.11p,100,5,847492,329904,0.3893,0.3893,6122,2317,0.3785,0.3785,0.55,2.50,2.46,0.5333,44,5223.28,15610.56
cascade,DSRC 802.11p,100,6,849440,329431,0.3878,0.3878,5787,1771,0.3060,0.3060,0.55,2.52,2.68,0.5333,44,5855.14,15755.47
cascade,DSRC 802.11p,100,7,853538,335737,0.3933,0.3933,5887,2156,0.3662,0.3662,0.55,2.51,2.33,0.5333,47,5841.08,16350.39
cascade,DSRC 802.11p,100,8,849838,328986,0.3871,0.3871,5977,2258,0.3778,0.3778,0.55,2.50,2.60,0.5333,47,5894.20,16331.11
cascade,DSRC 802.11p,100,9,853496,330365,0.3871,0.3871,5905,2086,0.3533,0.3533,0.55,2.51,2.51,0.5333,46,5511.58,15575.26
cascade,802.11bd,100,10,847492,388788,0.4588,0.4588,6122,3087,0.5042,0.5042,0.34,1.51,1.56,0.5333,45,5040.37,15580.22
cascade,802.11bd,100,11,849440,389784,0.4589,0.4589,5787,2426,0.4192,0.4192,0.34,1.51,1.54,0.5333,45,5702.60,15740.40
cascade,802.11bd,100,12,853538,396392,0.4644,0.4644,5887,2849,0.4839,0.4839,0.34,1.52,1.60,0.5333,47,5766.32,16350.29
cascade,802.11bd,100,13,849838,388870,0.4576,0.4576,5977,2923,0.4890,0.4890,0.34,1.51,1.51,0.5333,47,5838.72,16260.34
cascade,802.11bd,100,14,853496,390414,0.4574,0.4574,5905,2801,0.4743,0.4743,0.34,1.51,1.47,0.5333,46,5467.72,15575.22
cascade,C-V2X Mode 4,100,15,847492,352795,0.4163,0.4086,6122,2817,0.4601,0.2261,51.82,100.82,100.59,0.5333,45,5087.59,15606.28
cascade,C-V2X Mode 4,100,16,849440,353365,0.4160,0.4085,5787,2243,0.3876,0.1865,51.90,100.80,100.85,0.5333,46,5696.25,15744.95
cascade,C-V2X Mode 4,100,17,853538,358880,0.4205,0.4128,5887,2653,0.4507,0.2159,51.76,100.83,100.54,0.5333,47,5824.77,16443.56
cascade,C-V2X Mode 4,100,18,849838,352028,0.4142,0.4067,5977,2726,0.4561,0.2245,51.91,100.80,100.43,0.5333,45,5738.76,15517.86
cascade,C-V2X Mode 4,100,19,853496,353039,0.4136,0.4062,5905,2599,0.4401,0.2178,51.85,100.79,100.43,0.5333,46,5522.64,15654.76
cascade,UDP,100,20,847492,332338,0.3921,0.3921,6122,2733,0.4464,0.4464,1.39,9.19,9.73,0.5333,45,5120.07,15580.44
cascade,UDP,100,21,849440,331709,0.3905,0.3905,5787,2137,0.3693,0.3693,1.38,9.18,9.12,0.5333,44,5814.22,15757.32
cascade,UDP,100,22,853538,338351,0.3964,0.3964,5887,2561,0.4350,0.4350,1.39,9.19,9.57,0.5333,46,5906.63,16375.97
cascade,UDP,100,23,849838,331519,0.3901,0.3901,5977,2645,0.4425,0.4425,1.38,9.25,9.85,0.5333,45,6100.18,16342.75
cascade,UDP,100,24,853496,332732,0.3898,0.3898,5905,2449,0.4147,0.4147,1.39,9.14,9.25,0.5333,46,5500.61,15576.44
cascade,MQTT,100,25,847492,303809,0.3585,0.3410,6122,2559,0.4180,0.4087,11.49,412.21,209.60,0.5333,44,5243.43,15619.20
cascade,MQTT,100,26,849440,302756,0.3564,0.3390,5787,1962,0.3390,0.3314,11.60,412.89,210.57,0.5333,44,5934.93,15769.30
cascade,MQTT,100,27,853538,308881,0.3619,0.3443,5887,2342,0.3978,0.3900,11.62,412.20,209.74,0.5333,46,5992.68,16390.88
cascade,MQTT,100,28,849838,302886,0.3564,0.3392,5977,2452,0.4102,0.4009,11.54,412.05,209.98,0.5333,46,6056.80,16313.64
cascade,MQTT,100,29,853496,303071,0.3551,0.3375,5905,2295,0.3887,0.3792,11.57,413.05,211.31,0.5333,45,5768.90,15589.76
